Workbook

Sheet Raw Data
A1: Code | B1: Governance Units | C1: Provinces | D1: Districts | E1: Name of Government Unit | F1: Children Immunized-BCG Doses | G1: Children Immunized-DPT-HepB-Hib-1st | H1: Children Immunized-DPT-HepB-Hib-3rd | I1: Children Immunized-OPV-3rd | J1: Children Immunized-PCV-3rd | K1: Children Immunized-Measles/Rubella-12-23 Months | L1: Children Immunized-JE | M1: Pregnant women Immunized-TD(Pregnant Women)-2 | N1: Pregnant women Immunized-TD(Pregnant Women)-2+ | O1: Fully Immunized Children | P1: Health Facilities within Catchment Area-Immunization Sessions-Planned | Q1: Health Facilities within Catchment Area-Immunization Sessions-Planned/months | R1: Health Facilities within Catchment Area-Immunization Sessions-Conducted | S1: Safe Motherhood Program--Birth Weight-Low and Very low (< 2.5 kg) | T1: Registered for GM-New Visit 0-11 Months - Normal | U1: Registered for GM-New Visit 0-11 Months - Moderate | V1: Registered for GM-New Visit 0-11 Months - Severe | W1: Registered for GM-New Visit 12-23 Months - Normal | X1: Registered for GM-New Visit 12-23 Months - Moderate | Y1: Registered for GM-New Visit 12-23 Months - Severe | Z1: < 5yr Children Receiving-Vitamin A-6-59 Months (sharwan-Poush 2074) | AA1: Nutrition-< 5yr Children Receiving-Deworming Tab (Sharwan-poush 2074) | AB1: CBIMCI-(2-59Months)-Classification-Diarrhoea-No Dehydration | AC1: CBIMCI-(2-59Months)-Classification-Diarrhoea-Some Dehydration | AD1: CBIMCI-(2-59Months)-Classification-Diarrhoea-Severe Dehydration | AE1: FCHV Program-CBIMCI-(2-59)Months-Total Diarrhoea Cases | AF1: CBIMCI-(2-59Months)-Treatment-ORS & Zinc | AG1: FCHV Program-CBIMCI-(2-59)Months-Treated with ORS & Zinc | AH1: Total Diarrhoea cases | AI1: Total diarrhoea treated with ORS and zinc | AJ1: CBIMCI-(2-59Months)-Classification-ARI-No Pneumonia | AK1: CBIMCI-(2-59Months)-Classification-ARI-Pneumonia | AL1: CBIMCI-(2-59Months)-Classification-ARI-Severe Pneu/Very Severe Disease | AM1: FCHV Program-CBIMCI-(2-59)Months-Total cases ARI | AN1: Total ARI cases | AO1: Total Pneumonia cases (at HF & Outreach) | AP1: CBIMCI-(2-59Months)-Treatment-Amoxicillin | AQ1: CBIMCI-(2-59Months)-Treatment-Cotrim Paediatrics | AR1: CBIMCI-(2-59Months)-Treatment-Other Antibiotics Facility | AS1: Safe Motherhood Program-Antenatal Checkup-First ANC Visit (any time)< 20 Years | AT1: Safe Motherhood Program-Antenatal Checkup-First ANC Visit (any time)≥ 20 Years | AU1: Safe Motherhood Program-Antenatal Checkup-Four ANC Visits as per Protocol< 20 Years | AV1: Safe Motherhood Program-Antenatal Checkup-Four ANC Visits as per Protocol≥ 20 Years | AW1: Nutrition-Pregnant Women Receiving-180 Iron Tablets | AX1: Safe Motherhood Program-Delivery Service-Non-SBA Health Workers Facility | AY1: Safe Motherhood Program-Delivery Service-Non-SBA Health Workers Home | AZ1: Safe Motherhood Program-Delivery Service-Skilled Birth Attendants (SBA)Facility | BA1: Safe Motherhood Program-Delivery Service-Skilled Birth Attendants (SBA)Home | BB1: Safe Motherhood Program-3 PNC Visits as per Protocol | BC1: FCHV Program-Maternal Death-Antepartum | BD1: FCHV Program-Maternal Death-Intrapartum | BE1: FCHV Program-Maternal Death-Postpartum | BF1: Safe Motherhood Program-Maternal Death-Antepartum | BG1: Safe Motherhood Program-Maternal Death-Intrapartum | BH1: Safe Motherhood Program-Maternal Death-Postpartum | BI1: Safe Motherhood Program-Safe Abortion Service-Number of Women < 20 Years-Medical | BJ1: Safe Motherhood Program-Safe Abortion Service-Number of Women < 20 Years-Surgical | BK1: Safe Motherhood Program-Safe Abortion Service-Number of Women ≥ 20 Years-Medical | BL1: Safe Motherhood Program-Safe Abortion Service-Number of Women ≥ 20 Years-Surgical | BM1: CBIMCI <2Months-Total Death <=28 Days, Facility | BN1: CBIMCI <2Months-Total Death <=28 Days, OutReach Clinics | BO1: FCHV Program-Death-≤28 days | BP1: Safe Motherhood Program-Maternal Death-Neonatal death at Health Facility | BQ1: Total number of neonatal deaths | BR1: Family Planning Program-Temporary FP Method-Pills-Current User | BS1: Family Planning Program-Temporary FP Method-Implant-Current User | BT1: Family Planning Program-Temporary FP Method-IUCD-Current User | BU1: Family Planning Program-Temporary FP Method-Depo-Current User | BV1: Family Planning Program-Temporary FP Method-Condom-Pieces Qty/150 | BW1: Family Planning Program-Postpartum FP Acceptors (Within 48 Hours of Delivery)-IUCD | BX1: Family Planning Program-Postpartum FP Acceptors (Within 48 Hours of Delivery)-Implant | BY1: Family Planning Program-Postpartum FP Acceptors (Within 48 Hours of Delivery)-Tubectomy | BZ1: Total FCHVs within Catchment Area | CA1: FCHV Program-SMH/FP-Meetings Held of Mothers Group | CB1: Health Facilities within Catchment Area-Outreach Clinics-Planned/months | CC1: Health Facilities within Catchment Area-Outreach Clinics-Conducted | CD1: HIV Tested in HTC Program | CE1: HIV found Positive in HTC Program | CF1: Outpatient Morbidity-Communicable-Vector Borne-Filariasis Cases | CG1: Outpatient Morbidity-Trachoma Cases | CH1: No. of new TB cases registered | CI1: TB PBC (new) registered cases | CJ1: TB PBC (new) treatment completed (cured and completed) cases | CK1: Malaria- Total number of positive cases | CL1: Number of P. Falciparum (PF) cases | CM1: Malaria- Diagnosis & Result Examined | CN1: Malaria- Blood Slide Collection | CO1: Leprosy-Total Additions-New Cases Never Registered earlier-Multi Bacillary | CP1: Leprosy-Total Additions-New Cases Never registered earlier-Pauci Bacillary | CQ1: Leprosy Patient (from OPD) | CR1: Total New OPD Visits Female | CS1: Total New OPD Visits Male
A2: 1 | B2: Province | C2: Province 1 | D2: Province | E2: Province 1 | F2: 95215 | G2: 91247 | H2: 87066 | I2: 87123 | J2: 87192 | K2: 70206 | L2: 81284 | M2: 52313 | N2: 22415 | O2: 84239 | P2: =Q2*12 -> 30993 | Q2: 2582.75 | R2: 29327 | S2: 6832 | T2: 84790 | U2: 1245 | V2: 428 | W2: 49530 | X2: 1316 | Y2: 458 | Z2: 391379 | AA2: 350486 | AB2: 41201 | AC2: 10397 | AD2: 194 | AE2: 128468 | AF2: 49104 | AG2: 112690 | AH2: =AB2+AC2+AD2+AE2 -> 180260 | AI2: =AF2+AG2 -> 161794 | AJ2: 110881 | AK2: 33133 | AL2: 805 | AM2: 184329 | AN2: =AJ2+AK2+AL2+AM2 -> 329148 | AO2: =AK2+AL2 -> 33938 | AP2: 31114 | AQ2: 13637 | AR2: 13867 | AS2: 22666 | AT2: 91874 | AU2: 8886 | AV2: 42156 | AW2: 40720 | AX2: 1218 | AY2: 867 | AZ2: 56193 | BA2: 360 | BB2: 12935 | BC2: 4 | BD2: 9 | BE2: 7 | BF2: 0 | BG2: 5 | BH2: 16 | BI2: 987 | BJ2: 374 | BK2: 10421 | BL2: 4072 | BM2: 11 | BN2: 1 | BO2: 310 | BP2: 189 | BQ2: =BM2+BN2+BO2+BP2 -> 511 | BR2: 38510 | BS2: 55508 | BT2: 23655 | BU2: 77287 | BV2: 22652.293 | BW2: 862 | BX2: 72 | BY2: 720 | BZ2: 8662.6667 | CA2: 87679 | CB2: 2217.8333 | CC2: 24732 | CD2: 14714 | CE2: 142 | CF2: 103 | CG2: 734 | CH2: 3587 | CI2: 1720 | CJ2: 1524 | CK2: 24 | CL2: 5 | CM2: 16074 | CN2: 16061 | CO2: 213 | CP2: 154 | CQ2: ='Top Ten Disease (OPD)'!FC3 -> 401 | CR2: 2050400 | CS2: 1620167
A3: 101 | B3: District | C3: Province 1 | D3: Taplejung | E3: TAPLEJUNG | F3: 2611 | G3: 2559 | H3: 2398 | I3: 2423 | J3: 2289 | K3: 1949 | L3: 2570 | M3: 1432 | N3: 582 | O3: 1901 | P3: =Q3*12 -> 1636 | Q3: 136.33333 | R3: 1455 | S3: 27 | T3: 2793 | U3: 86 | V3: 7 | W3: 973 | X3: 36 | Y3: 1 | Z3: 10058 | AA3: 8964 | AB3: 2033 | AC3: 726 | AD3: 11 | AE3: 4351 | AF3: 2557 | AG3: 4148 | AH3: =AB3+AC3+AD3+AE3 -> 7121 | AI3: =AF3+AG3 -> 6705 | AJ3: 5394 | AK3: 1369 | AL3: 25 | AM3: 5119 | AN3: =AJ3+AK3+AL3+AM3 -> 11907 | AO3: =AK3+AL3 -> 1394 | AP3: 1090 | AQ3: 208 | AR3: 99 | AS3: 594 | AT3: 1793 | AU3: 170 | AV3: 748 | AW3: 1031 | AX3: 49 | AY3: 136 | AZ3: 1099 | BA3: 10 | BB3: 472 | BC3: 0 | BD3: 1 | BE3: 3 | BF3: 0 | BG3: 0 | BH3: 1 | BI3: 18 | BJ3: 22 | BK3: 172 | BL3: 284 | BM3: 0 | BN3: 0 | BO3: 42 | BP3: 3 | BQ3: =BM3+BN3+BO3+BP3 -> 45 | BR3: 715 | BS3: 1884 | BT3: 452 | BU3: 2332 | BV3: 1147.6133 | BW3: 1 | BX3: 1 | BY3: 1 | BZ3: 872.41667 | CA3: 5725 | CB3: 178.91667 | CC3: 1962 | CD3: 0 | CE3: 0 | CF3: 0 | CG3: 73 | CH3: 54 | CI3: 27 | CJ3: 18 | CK3: 0 | CL3: 0 | CM3: 600 | CN3: 600 | CO3: 0 | CP3: 0 | CQ3: ='Top Ten Disease (OPD)'!FC4 -> 0 | CR3: 59515 | CS3: 52433
A4: 10101 | B4: Rural Municipality | C4: Province 1 | D4: Taplejung | E4: Phaktanlung Rural Municipality | F4: 282 | G4: 297 | H4: 283 | I4: 280 | J4: 261 | K4: 178 | L4: 383 | M4: 146 | N4: 72 | O4: 220 | P4: =Q4*12 -> 206 | Q4: 17.166667 | R4: 161 | S4: 0 | T4: 300 | U4: 0 | V4: 0 | W4: 84 | X4: 5 | Y4: 0 | Z4: 1037 | AA4: 844 | AB4: 318 | AC4: 98 | AD4: 0 | AE4: 478 | AF4: 382 | AG4: 434 | AH4: =AB4+AC4+AD4+AE4 -> 894 | AI4: =AF4+AG4 -> 816 | AJ4: 682 | AK4: 256 | AL4: 6 | AM4: 535 | AN4: =AJ4+AK4+AL4+AM4 -> 1479 | AO4: =AK4+AL4 -> 262 | AP4: 200 | AQ4: 63 | AR4: 9 | AS4: 69 | AT4: 143 | AU4: 22 | AV4: 77 | AW4: 109 | AX4: 16 | AY4: 1 | AZ4: 72 | BA4: 0 | BB4: 40 | BC4: 0 | BD4: 0 | BE4: 0 | BF4: 0 | BG4: 0 | BH4: 0 | BI4: 0 | BJ4: 0 | BK4: 0 | BL4: 0 | BM4: 0 | BN4: 0 | BO4: 5 | BP4: 0 | BQ4: =BM4+BN4+BO4+BP4 -> 5 | BR4: 94 | BS4: 209 | BT4: 36 | BU4: 311 | BV4: 104.73333 | BW4: 0 | BX4: 0 | BY4: 0 | BZ4: 111 | CA4: 789 | CB4: 25.083333 | CC4: 276 | CD4: 0 | CE4: 0 | CF4: 0 | CG4: 3 | CH4: 3 | CI4: 2 | CJ4: 0 | CK4: 0 | CL4: 0 | CM4: 0 | CN4: 0 | CO4: 0 | CP4: 0 | CQ4: ='Top Ten Disease (OPD)'!FC5 -> 0 | CR4: 5777 | CS4: 5397
A5: 10102 | B5: Rural Municipality | C5: Province 1 | D5: Taplejung | E5: Mikwakhola Rural Municipality | F5: 177 | G5: 193 | H5: 191 | I5: 194 | J5: 187 | K5: 138 | L5: 173 | M5: 56 | N5: 33 | O5: 146 | P5: =Q5*12 -> 128.72727 | Q5: 10.727273 | R5: 115 | S5: 2 | T5: 199 | U5: 5 | V5: 1 | W5: 68 | X5: 1 | Y5: 0 | Z5: 748 | AA5: 675 | AB5: 198 | AC5: 34 | AD5: 0 | AE5: 524 | AF5: 236 | AG5: 447 | AH5: =AB5+AC5+AD5+AE5 -> 756 | AI5: =AF5+AG5 -> 683 | AJ5: 310 | AK5: 51 | AL5: 0 | AM5: 576 | AN5: =AJ5+AK5+AL5+AM5 -> 937 | AO5: =AK5+AL5 -> 51 | AP5: 38 | AQ5: 8 | AR5: 3 | AS5: 35 | AT5: 127 | AU5: 14 | AV5: 43 | AW5: 127 | AX5: 0 | AY5: 39 | AZ5: 37 | BA5: 0 | BB5: 41 | BC5: 0 | BD5: 1 | BE5: 1 | BF5: 0 | BG5: 0 | BH5: 0 | BI5: 0 | BJ5: 0 | BK5: 0 | BL5: 0 | BM5: 0 | BN5: 0 | BO5: 5 | BP5: 0 | BQ5: =BM5+BN5+BO5+BP5 -> 5 | BR5: 35 | BS5: 43 | BT5: 12 | BU5: 180 | BV5: 56.073333 | BW5: 0 | BX5: 0 | BY5: 0 | BZ5: 62.833333 | CA5: 172 | CB5: 14.416667 | CC5: 138 | CD5: 0 | CE5: 0 | CF5: 0 | CG5: 7 | CH5: 3 | CI5: 0 | CJ5: 0 | CK5: 0 | CL5: 0 | CM5: 0 | CN5: 0 | CO5: 0 | CP5: 0 | CQ5: ='Top Ten Disease (OPD)'!FC6 -> 0 | CR5: 2846 | CS5: 2626
A6: 10103 | B6: Rural Municipality | C6: Province 1 | D6: Taplejung | E6: Meringden Rural Municipality | F6: 252 | G6: 221 | H6: 215 | I6: 226 | J6: 209 | K6: 175 | L6: 205 | M6: 117 | N6: 55 | O6: 220 | P6: =Q6*12 -> 183 | Q6: 15.25 | R6: 174 | S6: 3 | T6: 278 | U6: 0 | V6: 0 | W6: 24 | X6: 1 | Y6: 0 | Z6: 1187 | AA6: 1049 | AB6: 227 | AC6: 82 | AD6: 0 | AE6: 364 | AF6: 291 | AG6: 382 | AH6: =AB6+AC6+AD6+AE6 -> 673 | AI6: =AF6+AG6 -> 673 | AJ6: 507 | AK6: 116 | AL6: 5 | AM6: 491 | AN6: =AJ6+AK6+AL6+AM6 -> 1119 | AO6: =AK6+AL6 -> 121 | AP6: 98 | AQ6: 9 | AR6: 3 | AS6: 50 | AT6: 195 | AU6: 14 | AV6: 53 | AW6: 70 | AX6: 10 | AY6: 9 | AZ6: 71 | BA6: 2 | BB6: 19 | BC6: 0 | BD6: 0 | BE6: 0 | BF6: 0 | BG6: 0 | BH6: 0 | BI6: 5 | BJ6: 5 | BK6: 5 | BL6: 5 | BM6: 0 | BN6: 0 | BO6: 3 | BP6: 1 | BQ6: =BM6+BN6+BO6+BP6 -> 4 | BR6: 87 | BS6: 179 | BT6: 107 | BU6: 285 | BV6: 63.82 | BW6: 0 | BX6: 0 | BY6: 0 | BZ6: 108.33333 | CA6: 676 | CB6: 17.583333 | CC6: 203 | CD6: 0 | CE6: 0 | CF6: 0 | CG6: 0 | CH6: 6 | CI6: 1 | CJ6: 0 | CK6: 0 | CL6: 0 | CM6: 0 | CN6: 0 | CO6: 0 | CP6: 0 | CQ6: ='Top Ten Disease (OPD)'!FC7 -> 0 | CR6: 4512 | CS6: 4462
A7: 10104 | B7: Rural Municipality | C7: Province 1 | D7: Taplejung | E7: Maiwakhola Rural Municipality | F7: 192 | G7: 194 | H7: 192 | I7: 200 | J7: 193 | K7: 134 | L7: 180 | M7: 84 | N7: 43 | O7: 178 | P7: =Q7*12 -> 102 | Q7: 8.5 | R7: 93 | S7: 0 | T7: 240 | U7: 1 | V7: 1 | W7: 173 | X7: 2 | Y7: 1 | Z7: 1283 | AA7: 1146 | AB7: 195 | AC7: 41 | AD7: 0 | AE7: 274 | AF7: 194 | AG7: 287 | AH7: =AB7+AC7+AD7+AE7 -> 510 | AI7: =AF7+AG7 -> 481 | AJ7: 492 | AK7: 69 | AL7: 0 | AM7: 350 | AN7: =AJ7+AK7+AL7+AM7 -> 911 | AO7: =AK7+AL7 -> 69 | AP7: 53 | AQ7: 3 | AR7: 42 | AS7: 36 | AT7: 164 | AU7: 6 | AV7: 53 | AW7: 49 | AX7: 3 | AY7: 5 | AZ7: 37 | BA7: 0 | BB7: 17 | BC7: 0 | BD7: 0 | BE7: 1 | BF7: 0 | BG7: 0 | BH7: 1 | BI7: 0 | BJ7: 0 | BK7: 9 | BL7: 0 | BM7: 0 | BN7: 0 | BO7: 9 | BP7: 0 | BQ7: =BM7+BN7+BO7+BP7 -> 9 | BR7: 43 | BS7: 126 | BT7: 38 | BU7: 116 | BV7: 62.033333 | BW7: 0 | BX7: 0 | BY7: 0 | BZ7: 66.833333 | CA7: 457 | CB7: 8.4166667 | CC7: 81 | CD7: 0 | CE7: 0 | CF7: 0 | CG7: 0 | CH7: 4 | CI7: 3 | CJ7: 0 | CK7: 0 | CL7: 0 | CM7: 0 | CN7: 0 | CO7: 0 | CP7: 0 | CQ7: ='Top Ten Disease (OPD)'!FC8 -> 0 | CR7: 3682 | CS7: 3087
A8: 10105 | B8: Rural Municipality | C8: Province 1 | D8: Taplejung | E8: Aatharai Tribeni Rural Municipality | F8: 278 | G8: 278 | H8: 271 | I8: 271 | J8: 236 | K8: 234 | L8: 249 | M8: 116 | N8: 107 | O8: 249 | P8: =Q8*12 -> 201 | Q8: 16.75 | R8: 188 | S8: 0 | T8: 415 | U8: 16 | V8: 1 | W8: 226 | X8: 16 | Y8: 0 | Z8: 1945 | AA8: 1819 | AB8: 304 | AC8: 72 | AD8: 0 | AE8: 410 | AF8: 378 | AG8: 382 | AH8: =AB8+AC8+AD8+AE8 -> 786 | AI8: =AF8+AG8 -> 760 | AJ8: 741 | AK8: 95 | AL8: 1 | AM8: 273 | AN8: =AJ8+AK8+AL8+AM8 -> 1110 | AO8: =AK8+AL8 -> 96 | AP8: 69 | AQ8: 20 | AR8: 5 | AS8: 70 | AT8: 174 | AU8: 34 | AV8: 121 | AW8: 153 | AX8: 12 | AY8: 13 | AZ8: 79 | BA8: 0 | BB8: 61 | BC8: 0 | BD8: 0 | BE8: 0 | BF8: 0 | BG8: 0 | BH8: 0 | BI8: 0 | BJ8: 0 | BK8: 0 | BL8: 0 | BM8: 0 | BN8: 0 | BO8: 2 | BP8: 0 | BQ8: =BM8+BN8+BO8+BP8 -> 2 | BR8: 97 | BS8: 217 | BT8: 50 | BU8: 297 | BV8: 81.566667 | BW8: 0 | BX8: 0 | BY8: 0 | BZ8: 71.5 | CA8: 330 | CB8: 15 | CC8: 175 | CD8: 0 | CE8: 0 | CF8: 0 | CG8: 2 | CH8: 6 | CI8: 0 | CJ8: 0 | CK8: 0 | CL8: 0 | CM8: 0 | CN8: 0 | CO8: 0 | CP8: 0 | CQ8: ='Top Ten Disease (OPD)'!FC9 -> 0 | CR8: 6499 | CS8: 5771
A9: 10106 | B9: Municipality | C9: Province 1 | D9: Taplejung | E9: Phungling Municipality | F9: 722 | G9: 623 | H9: 548 | I9: 539 | J9: 529 | K9: 478 | L9: 605 | M9: 520 | N9: 74 | O9: 210 | P9: =Q9*12 -> 203 | Q9: 16.916667 | R9: 163 | S9: 17 | T9: 491 | U9: 40 | V9: 2 | W9: 50 | X9: 4 | Y9: 0 | Z9: 481 | AA9: 434 | AB9: 271 | AC9: 156 | AD9: 0 | AE9: 1055 | AF9: 304 | AG9: 782 | AH9: =AB9+AC9+AD9+AE9 -> 1482 | AI9: =AF9+AG9 -> 1086 | AJ9: 607 | AK9: 160 | AL9: 0 | AM9: 1024 | AN9: =AJ9+AK9+AL9+AM9 -> 1791 | AO9: =AK9+AL9 -> 160 | AP9: 107 | AQ9: 37 | AR9: 6 | AS9: 125 | AT9: 522 | AU9: 29 | AV9: 183 | AW9: 197 | AX9: 0 | AY9: 0 | AZ9: 718 | BA9: 0 | BB9: 240 | BC9: 0 | BD9: 0 | BE9: 0 | BF9: 0 | BG9: 0 | BH9: 0 | BI9: 13 | BJ9: 17 | BK9: 156 | BL9: 279 | BM9: 0 | BN9: 0 | BO9: 3 | BP9: 2 | BQ9: =BM9+BN9+BO9+BP9 -> 5 | BR9: 62 | BS9: 466 | BT9: 45 | BU9: 421 | BV9: 612.37333 | BW9: 0 | BX9: 0 | BY9: 1 | BZ9: 100.16667 | CA9: 673 | CB9: 20 | CC9: 197 | CD9: 0 | CE9: 0 | CF9: 0 | CG9: 59 | CH9: 25 | CI9: 18 | CJ9: 18 | CK9: 0 | CL9: 0 | CM9: 0 | CN9: 0 | CO9: 0 | CP9: 0 | CQ9: ='Top Ten Disease (OPD)'!FC10 -> 0 | CR9: 19182 | CS9: 16347
A10: 10107 | B10: Rural Municipality | C10: Province 1 | D10: Taplejung | E10: Yangwarak Rural Municipality | F10: 260 | G10: 268 | H10: 241 | I10: 244 | J10: 223 | K10: 203 | L10: 263 | M10: 143 | N10: 67 | O10: 229 | P10: =Q10*12 -> 201 | Q10: 16.75 | R10: 192 | S10: 1 | T10: 342 | U10: 0 | V10: 0 | W10: 132 | X10: 0 | Y10: 0 | Z10: 1118 | AA10: 1006 | AB10: 213 | AC10: 52 | AD10: 0 | AE10: 630 | AF10: 297 | AG10: 834 | AH10: =AB10+AC10+AD10+AE10 -> 895 | AI10: =AF10+AG10 -> 1131 | AJ10: 730 | AK10: 251 | AL10: 0 | AM10: 527 | AN10: =AJ10+AK10+AL10+AM10 -> 1508 | AO10: =AK10+AL10 -> 251 | AP10: 208 | AQ10: 20 | AR10: 2 | AS10: 65 | AT10: 160 | AU10: 16 | AV10: 76 | AW10: 107 | AX10: 2 | AY10: 1 | AZ10: 35 | BA10: 2 | BB10: 16 | BC10: 0 | BD10: 0 | BE10: 1 | BF10: 0 | BG10: 0 | BH10: 0 | BI10: 0 | BJ10: 0 | BK10: 0 | BL10: 0 | BM10: 0 | BN10: 0 | BO10: 5 | BP10: 0 | BQ10: =BM10+BN10+BO10+BP10 -> 5 | BR10: 41 | BS10: 227 | BT10: 18 | BU10: 139 | BV10: 55.073333 | BW10: 0 | BX10: 1 | BY10: 0 | BZ10: 95.25 | CA10: 580 | CB10: 23.916667 | CC10: 282 | CD10: 0 | CE10: 0 | CF10: 0 | CG10: 1 | CH10: 4 | CI10: 0 | CJ10: 0 | CK10: 0 | CL10: 0 | CM10: 600 | CN10: 600 | CO10: 0 | CP10: 0 | CQ10: ='Top Ten Disease (OPD)'!FC11 -> 0 | CR10: 5497 | CS10: 4580
A11: 10108 | B11: Rural Municipality | C11: Province 1 | D11: Taplejung | E11: Sirijanga Rural Municipality | F11: 240 | G11: 251 | H11: 248 | I11: 265 | J11: 267 | K11: 218 | L11: 274 | M11: 144 | N11: 49 | O11: 236 | P11: =Q11*12 -> 264 | Q11: 22 | R11: 222 | S11: 1 | T11: 255 | U11: 2 | V11: 2 | W11: 109 | X11: 0 | Y11: 0 | Z11: 1210 | AA11: 1065 | AB11: 153 | AC11: 164 | AD11: 11 | AE11: 281 | AF11: 288 | AG11: 292 | AH11: =AB11+AC11+AD11+AE11 -> 609 | AI11: =AF11+AG11 -> 580 | AJ11: 735 | AK11: 222 | AL11: 10 | AM11: 994 | AN11: =AJ11+AK11+AL11+AM11 -> 1961 | AO11: =AK11+AL11 -> 232 | AP11: 195 | AQ11: 26 | AR11: 7 | AS11: 45 | AT11: 167 | AU11: 16 | AV11: 93 | AW11: 133 | AX11: 5 | AY11: 16 | AZ11: 22 | BA11: 4 | BB11: 17 | BC11: 0 | BD11: 0 | BE11: 0 | BF11: 0 | BG11: 0 | BH11: 0 | BI11: 0 | BJ11: 0 | BK11: 2 | BL11: 0 | BM11: 0 | BN11: 0 | BO11: 6 | BP11: 0 | BQ11: =BM11+BN11+BO11+BP11 -> 6 | BR11: 114 | BS11: 179 | BT11: 103 | BU11: 335 | BV11: 81.74 | BW11: 0 | BX11: 0 | BY11: 0 | BZ11: 152.41667 | CA11: 1138 | CB11: 29.083333 | CC11: 312 | CD11: 0 | CE11: 0 | CF11: 0 | CG11: 0 | CH11: 2 | CI11: 3 | CJ11: 0 | CK11: 0 | CL11: 0 | CM11: 0 | CN11: 0 | CO11: 0 | CP11: 0 | CQ11: ='Top Ten Disease (OPD)'!FC12 -> 0 | CR11: 7237 | CS11: 6449
A12: 10109 | B12: Rural Municipality | C12: Province 1 | D12: Taplejung | E12: Sidingba Rural Municipality | F12: 208 | G12: 234 | H12: 209 | I12: 204 | J12: 184 | K12: 191 | L12: 238 | M12: 106 | N12: 82 | O12: 213 | P12: =Q12*12 -> 158 | Q12: 13.166667 | R12: 147 | S12: 3 | T12: 273 | U12: 22 | V12: 0 | W12: 107 | X12: 7 | Y12: 0 | Z12: 1049 | AA12: 926 | AB12: 154 | AC12: 27 | AD12: 0 | AE12: 335 | AF12: 187 | AG12: 308 | AH12: =AB12+AC12+AD12+AE12 -> 516 | AI12: =AF12+AG12 -> 495 | AJ12: 590 | AK12: 149 | AL12: 3 | AM12: 349 | AN12: =AJ12+AK12+AL12+AM12 -> 1091 | AO12: =AK12+AL12 -> 152 | AP12: 122 | AQ12: 22 | AR12: 22 | AS12: 99 | AT12: 141 | AU12: 19 | AV12: 49 | AW12: 86 | AX12: 1 | AY12: 52 | AZ12: 28 | BA12: 2 | BB12: 21 | BC12: 0 | BD12: 0 | BE12: 0 | BF12: 0 | BG12: 0 | BH12: 0 | BI12: 0 | BJ12: 0 | BK12: 0 | BL12: 0 | BM12: 0 | BN12: 0 | BO12: 4 | BP12: 0 | BQ12: =BM12+BN12+BO12+BP12 -> 4 | BR12: 142 | BS12: 238 | BT12: 43 | BU12: 248 | BV12: 30.2 | BW12: 1 | BX12: 0 | BY12: 0 | BZ12: 104.08333 | CA12: 910 | CB12: 25.416667 | CC12: 298 | CD12: 0 | CE12: 0 | CF12: 0 | CG12: 1 | CH12: 1 | CI12: 0 | CJ12: 0 | CK12: 0 | CL12: 0 | CM12: 0 | CN12: 0 | CO12: 0 | CP12: 0 | CQ12: ='Top Ten Disease (OPD)'!FC13 -> 0 | CR12: 4283 | CS12: 3714
A13: 102 | B13: District | C13: Province 1 | D13: Sankhuwasabha | E13: SANKHUWASABHA | F13: 2986 | G13: 3078 | H13: 2982 | I13: 2944 | J13: 3082 | K13: 2655 | L13: 3341 | M13: 1429 | N13: 884 | O13: 2950 | P13: =Q13*12 -> 1920 | Q13: 160 | R13: 1759 | S13: 97 | T13: 3028 | U13: 30 | V13: 2 | W13: 1076 | X13: 17 | Y13: 3 | Z13: 12323 | AA13: 10552 | AB13: 1860 | AC13: 198 | AD13: 6 | AE13: 2984 | AF13: 2051 | AG13: 2885 | AH13: =AB13+AC13+AD13+AE13 -> 5048 | AI13: =AF13+AG13 -> 4936 | AJ13: 4404 | AK13: 2337 | AL13: 69 | AM13: 5388 | AN13: =AJ13+AK13+AL13+AM13 -> 12198 | AO13: =AK13+AL13 -> 2406 | AP13: 2634 | AQ13: 663 | AR13: 1317 | AS13: 693 | AT13: 1825 | AU13: 311 | AV13: 1116 | AW13: 1372 | AX13: 193 | AY13: 15 | AZ13: 1697 | BA13: 14 | BB13: 314 | BC13: 1 | BD13: 1 | BE13: 0 | BF13: 0 | BG13: 0 | BH13: 0 | BI13: 49 | BJ13: 14 | BK13: 410 | BL13: 175 | BM13: 3 | BN13: 0 | BO13: 11 | BP13: 3 | BQ13: =BM13+BN13+BO13+BP13 -> 17 | BR13: 555 | BS13: 2859 | BT13: 582 | BU13: 2635 | BV13: 718.68667 | BW13: 1 | BX13: 10 | BY13: 0 | BZ13: 316.66667 | CA13: 2734 | CB13: 100.25 | CC13: 1012 | CD13: 73 | CE13: 2 | CF13: 0 | CG13: 9 | CH13: 87 | CI13: 6 | CJ13: 11 | CK13: 0 | CL13: 0 | CM13: 12 | CN13: 12 | CO13: 0 | CP13: 0 | CQ13: ='Top Ten Disease (OPD)'!FC14 -> 2 | CR13: 78672 | CS13: 61159
... A104: 11106 | B104: Rural Municipality | C104: Province 1 | D104: Jhapa | E104: Kamal Rural Municipality | F104: 813 | G104: 883 | H104: 881 | I104: 881 | J104: 917 | K104: 683 | L104: 698 | M104: 315 | N104: 0 | O104: 945 | P104: =Q104*12 -> 130 | Q104: 10.833333 | R104: 130 | S104: 0 | T104: 563 | U104: 49 | V104: 3 | W104: 173 | X104: 71 | Y104: 18 | Z104: 5194 | AA104: 4581 | AB104: 117 | AC104: 23 | AD104: 0 | AE104: 1191 | AF104: 130 | AG104: 928 | AH104: =AB104+AC104+AD104+AE104 -> 1331 | AI104: =AF104+AG104 -> 1058 | AJ104: 267 | AK104: 110 | AL104: 2 | AM104: 1771 | AN104: =AJ104+AK104+AL104+AM104 -> 2150 | AO104: =AK104+AL104 -> 112 | AP104: 88 | AQ104: 21 | AR104: 5 | AS104: 86 | AT104: 408 | AU104: 6 | AV104: 149 | AW104: 155 | AX104: 0 | AY104: 0 | AZ104: 1 | BA104: 0 | BB104: 0 | BC104: 0 | BD104: 0 | BE104: 0 | BF104: 0 | BG104: 0 | BH104: 0 | BI104: 0 | BJ104: 0 | BK104: 0 | BL104: 0 | BM104: 0 | BN104: 0 | BO104: 0 | BP104: 0 | BQ104: =BM104+BN104+BO104+BP104 -> 0 | BR104: 468 | BS104: 101 | BT104: 39 | BU104: 301 | BV104: 48.266667 | BW104: 0 | BX104: 0 | BY104: 0 | BZ104: 24 | CA104: 279 | CB104: 6 | CC104: 69 | CD104: 0 | CE104: 0 | CF104: 0 | CG104: 0 | CH104: 58 | CI104: 19 | CJ104: 18 | CK104: 0 | CL104: 0 | CM104: 4 | CN104: 4 | CO104: 5 | CP104: 2 | CQ104: ='Top Ten Disease (OPD)'!FC105 -> 7 | CR104: 5653 | CS104: 5606
A105: 11107 | B105: Municipality | C105: Province 1 | D105: Jhapa | E105: Damak Municipality | F105: 1929 | G105: 1867 | H105: 1672 | I105: 1672 | J105: 1627 | K105: 1277 | L105: 1483 | M105: 910 | N105: 13 | O105: 1287 | P105: =Q105*12 -> 36 | Q105: 3 | R105: 17 | S105: 1539 | T105: 1204 | U105: 7 | V105: 2 | W105: 1698 | X105: 8 | Y105: 2 | Z105: 8323 | AA105: 8351 | AB105: 188 | AC105: 75 | AD105: 11 | AE105: 0 | AF105: 218 | AG105: 0 | AH105: =AB105+AC105+AD105+AE105 -> 274 | AI105: =AF105+AG105 -> 218 | AJ105: 364 | AK105: 310 | AL105: 13 | AM105: 0 | AN105: =AJ105+AK105+AL105+AM105 -> 687 | AO105: =AK105+AL105 -> 323 | AP105: 244 | AQ105: 41 | AR105: 104 | AS105: 993 | AT105: 2110 | AU105: 810 | AV105: 1783 | AW105: 454 | AX105: 0 | AY105: 0 | AZ105: 12497 | BA105: 0 | BB105: 0 | BC105: 0 | BD105: 0 | BE105: 0 | BF105: 0 | BG105: 0 | BH105: 1 | BI105: 31 | BJ105: 71 | BK105: 81 | BL105: 225 | BM105: 0 | BN105: 0 | BO105: 0 | BP105: 0 | BQ105: =BM105+BN105+BO105+BP105 -> 0 | BR105: 1001 | BS105: 246 | BT105: 269 | BU105: 372 | BV105: 108.89333 | BW105: 279 | BX105: 15 | BY105: 477 | BZ105: 47 | CA105: 7 | CB105: =#DIV/0! -> #DIV/0! | CC105: 0 | CD105: 989 | CE105: 12 | CF105: 0 | CG105: 5 | CH105: 131 | CI105: 49 | CJ105: 47 | CK105: 0 | CL105: 0 | CM105: 582 | CN105: 582 | CO105: 5 | CP105: 2 | CQ105: ='Top Ten Disease (OPD)'!FC106 -> 3 | CR105: 34626 | CS105: 29132
A106: 11108 | B106: Municipality | C106: Province 1 | D106: Jhapa | E106: Gauradaha Municipality | F106: 1324 | G106: 1182 | H106: 1177 | I106: 1185 | J106: 1287 | K106: 997 | L106: 1079 | M106: 782 | N106: 109 | O106: 1173 | P106: =Q106*12 -> 298 | Q106: 24.833333 | R106: 285 | S106: 0 | T106: 1391 | U106: 0 | V106: 0 | W106: 327 | X106: 0 | Y106: 0 | Z106: 5769 | AA106: 5269 | AB106: 472 | AC106: 98 | AD106: 1 | AE106: 2264 | AF106: 613 | AG106: 2280 | AH106: =AB106+AC106+AD106+AE106 -> 2835 | AI106: =AF106+AG106 -> 2893 | AJ106: 1237 | AK106: 398 | AL106: 3 | AM106: 4458 | AN106: =AJ106+AK106+AL106+AM106 -> 6096 | AO106: =AK106+AL106 -> 401 | AP106: 129 | AQ106: 267 | AR106: 2 | AS106: 156 | AT106: 607 | AU106: 61 | AV106: 331 | AW106: 409 | AX106: 0 | AY106: 0 | AZ106: 0 | BA106: 0 | BB106: 0 | BC106: 0 | BD106: 0 | BE106: 0 | BF106: 0 | BG106: 0 | BH106: 0 | BI106: 0 | BJ106: 0 | BK106: 95 | BL106: 0 | BM106: 0 | BN106: 0 | BO106: 1 | BP106: 0 | BQ106: =BM106+BN106+BO106+BP106 -> 1 | BR106: 384 | BS106: 120 | BT106: 1 | BU106: 591 | BV106: 208.40667 | BW106: 0 | BX106: 0 | BY106: 0 | BZ106: 51.333333 | CA106: 567 | CB106: 16.75 | CC106: 187 | CD106: 0 | CE106: 0 | CF106: 0 | CG106: 0 | CH106: 46 | CI106: 34 | CJ106: 29 | CK106: 1 | CL106: 0 | CM106: 65 | CN106: 65 | CO106: 1 | CP106: 1 | CQ106: ='Top Ten Disease (OPD)'!FC107 -> 1 | CR106: 15830 | CS106: 14192
A107: 11109 | B107: Rural Municipality | C107: Province 1 | D107: Jhapa | E107: Gauriganj Rural Municipality | F107: 666 | G107: 659 | H107: 619 | I107: 616 | J107: 579 | K107: 512 | L107: 564 | M107: 465 | N107: 2 | O107: 477 | P107: =Q107*12 -> 187 | Q107: 15.583333 | R107: 181 | S107: 0 | T107: 669 | U107: 4 | V107: 3 | W107: 373 | X107: 9 | Y107: 8 | Z107: 1247 | AA107: 1684 | AB107: 213 | AC107: 66 | AD107: 0 | AE107: 1573 | AF107: 205 | AG107: 1360 | AH107: =AB107+AC107+AD107+AE107 -> 1852 | AI107: =AF107+AG107 -> 1565 | AJ107: 421 | AK107: 184 | AL107: 5 | AM107: 1864 | AN107: =AJ107+AK107+AL107+AM107 -> 2474 | AO107: =AK107+AL107 -> 189 | AP107: 142 | AQ107: 82 | AR107: 32 | AS107: 82 | AT107: 409 | AU107: 17 | AV107: 134 | AW107: 190 | AX107: 0 | AY107: 0 | AZ107: 6 | BA107: 1 | BB107: 1 | BC107: 0 | BD107: 0 | BE107: 0 | BF107: 0 | BG107: 0 | BH107: 0 | BI107: 1 | BJ107: 0 | BK107: 95 | BL107: 0 | BM107: 0 | BN107: 0 | BO107: 0 | BP107: 0 | BQ107: =BM107+BN107+BO107+BP107 -> 0 | BR107: 125 | BS107: 235 | BT107: 62 | BU107: 316 | BV107: 111.30667 | BW107: 0 | BX107: 0 | BY107: 0 | BZ107: 40 | CA107: 420 | CB107: 15.5 | CC107: 167 | CD107: 0 | CE107: 0 | CF107: 0 | CG107: 0 | CH107: 19 | CI107: 10 | CJ107: 9 | CK107: 0 | CL107: 0 | CM107: 559 | CN107: 559 | CO107: 3 | CP107: 3 | CQ107: ='Top Ten Disease (OPD)'!FC108 -> 6 | CR107: 8869 | CS107: 7271
A108: 11110 | B108: Rural Municipality | C108: Province 1 | D108: Jhapa | E108: Jhapa Rural Municipality | F108: 778 | G108: 690 | H108: 505 | I108: 546 | J108: 597 | K108: 344 | L108: 394 | M108: 484 | N108: 119 | O108: 782 | P108: =Q108*12 -> 137 | Q108: 11.416667 | R108: 133 | S108: 0 | T108: 849 | U108: 10 | V108: 12 | W108: 563 | X108: 4 | Y108: 5 | Z108: 4467 | AA108: 3683 | AB108: 304 | AC108: 19 | AD108: 0 | AE108: 574 | AF108: 324 | AG108: 686 | AH108: =AB108+AC108+AD108+AE108 -> 897 | AI108: =AF108+AG108 -> 1010 | AJ108: 782 | AK108: 134 | AL108: 0 | AM108: 687 | AN108: =AJ108+AK108+AL108+AM108 -> 1603 | AO108: =AK108+AL108 -> 134 | AP108: 110 | AQ108: 9 | AR108: 21 | AS108: 144 | AT108: 517 | AU108: 24 | AV108: 217 | AW108: 262 | AX108: 0 | AY108: 0 | AZ108: 0 | BA108: 0 | BB108: 0 | BC108: 0 | BD108: 0 | BE108: 0 | BF108: 0 | BG108: 0 | BH108: 0 | BI108: 0 | BJ108: 0 | BK108: 0 | BL108: 0 | BM108: 0 | BN108: 0 | BO108: 0 | BP108: 0 | BQ108: =BM108+BN108+BO108+BP108 -> 0 | BR108: 135 | BS108: 157 | BT108: 10 | BU108: 232 | BV108: 93.966667 | BW108: 0 | BX108: 0 | BY108: 0 | BZ108: 28.5 | CA108: 267 | CB108: 7.5833333 | CC108: 87 | CD108: 0 | CE108: 0 | CF108: 0 | CG108: 0 | CH108: 21 | CI108: 14 | CJ108: 13 | CK108: 0 | CL108: 0 | CM108: 29 | CN108: 29 | CO108: 11 | CP108: 6 | CQ108: ='Top Ten Disease (OPD)'!FC109 -> 11 | CR108: 8306 | CS108: 7744
A109: 11111 | B109: Rural Municipality | C109: Province 1 | D109: Jhapa | E109: Barhadashi Rural Municipality | F109: 817 | G109: 760 | H109: 701 | I109: 686 | J109: 671 | K109: 420 | L109: 565 | M109: 464 | N109: 79 | O109: 572 | P109: =Q109*12 -> 177 | Q109: 14.75 | R109: 176 | S109: 4 | T109: 662 | U109: 21 | V109: 7 | W109: 223 | X109: 25 | Y109: 11 | Z109: 4075 | AA109: 3350 | AB109: 351 | AC109: 58 | AD109: 10 | AE109: 968 | AF109: 389 | AG109: 1467 | AH109: =AB109+AC109+AD109+AE109 -> 1387 | AI109: =AF109+AG109 -> 1856 | AJ109: 649 | AK109: 189 | AL109: 0 | AM109: 1762 | AN109: =AJ109+AK109+AL109+AM109 -> 2600 | AO109: =AK109+AL109 -> 189 | AP109: 107 | AQ109: 73 | AR109: 18 | AS109: 81 | AT109: 376 | AU109: 47 | AV109: 264 | AW109: 263 | AX109: 0 | AY109: 0 | AZ109: 93 | BA109: 0 | BB109: 59 | BC109: 0 | BD109: 0 | BE109: 0 | BF109: 0 | BG109: 0 | BH109: 0 | BI109: 0 | BJ109: 0 | BK109: 0 | BL109: 0 | BM109: 0 | BN109: 0 | BO109: 0 | BP109: 4 | BQ109: =BM109+BN109+BO109+BP109 -> 4 | BR109: 354 | BS109: 288 | BT109: 192 | BU109: 323 | BV109: 130.28 | BW109: 0 | BX109: 0 | BY109: 0 | BZ109: 31 | CA109: 350 | CB109: 12 | CC109: 126 | CD109: 0 | CE109: 0 | CF109: 23 | CG109: 0 | CH109: 27 | CI109: 20 | CJ109: 15 | CK109: 0 | CL109: 0 | CM109: 3 | CN109: 3 | CO109: 4 | CP109: 0 | CQ109: ='Top Ten Disease (OPD)'!FC110 -> 5 | CR109: 8795 | CS109: 7252
A110: 11112 | B110: Municipality | C110: Province 1 | D110: Jhapa | E110: Birtamod Municipality | F110: 2220 | G110: 2171 | H110: 2198 | I110: 2199 | J110: 2187 | K110: 1786 | L110: 2286 | M110: 1551 | N110: 29 | O110: 752 | P110: =Q110*12 -> 335 | Q110: 27.916667 | R110: 304 | S110: 294 | T110: 2348 | U110: 1 | V110: 0 | W110: 2719 | X110: 0 | Y110: 0 | Z110: 10342 | AA110: 9138 | AB110: 607 | AC110: 77 | AD110: 0 | AE110: 1343 | AF110: 464 | AG110: 1370 | AH110: =AB110+AC110+AD110+AE110 -> 2027 | AI110: =AF110+AG110 -> 1834 | AJ110: 1347 | AK110: 225 | AL110: 0 | AM110: 1900 | AN110: =AJ110+AK110+AL110+AM110 -> 3472 | AO110: =AK110+AL110 -> 225 | AP110: 187 | AQ110: 133 | AR110: 4 | AS110: 445 | AT110: 6675 | AU110: 15 | AV110: 624 | AW110: 398 | AX110: 2 | AY110: 0 | AZ110: 1005 | BA110: 0 | BB110: 339 | BC110: 0 | BD110: 0 | BE110: 0 | BF110: 0 | BG110: 0 | BH110: 0 | BI110: 61 | BJ110: 81 | BK110: 637 | BL110: 636 | BM110: 0 | BN110: 0 | BO110: 0 | BP110: 0 | BQ110: =BM110+BN110+BO110+BP110 -> 0 | BR110: 404 | BS110: 2636 | BT110: 987 | BU110: 605 | BV110: 193.86667 | BW110: 0 | BX110: 0 | BY110: 0 | BZ110: 35 | CA110: 395 | CB110: 13 | CC110: 138 | CD110: 0 | CE110: 0 | CF110: 8 | CG110: 9 | CH110: 102 | CI110: 45 | CJ110: 36 | CK110: 0 | CL110: 0 | CM110: 1753 | CN110: 1753 | CO110: 14 | CP110: 8 | CQ110: ='Top Ten Disease (OPD)'!FC111 -> 67 | CR110: 148645 | CS110: 118669
A111: 11113 | B111: Rural Municipality | C111: Province 1 | D111: Jhapa | E111: Haldibari Rural Municipality | F111: 718 | G111: 688 | H111: 644 | I111: 643 | J111: 621 | K111: 517 | L111: 592 | M111: 592 | N111: 20 | O111: 501 | P111: =Q111*12 -> 116 | Q111: 9.6666667 | R111: 114 | S111: 0 | T111: 383 | U111: 2 | V111: 0 | W111: 574 | X111: 4 | Y111: 0 | Z111: 2898 | AA111: 2784 | AB111: 473 | AC111: 85 | AD111: 0 | AE111: 1513 | AF111: 429 | AG111: 1360 | AH111: =AB111+AC111+AD111+AE111 -> 2071 | AI111: =AF111+AG111 -> 1789 | AJ111: 911 | AK111: 200 | AL111: 1 | AM111: 1956 | AN111: =AJ111+AK111+AL111+AM111 -> 3068 | AO111: =AK111+AL111 -> 201 | AP111: 94 | AQ111: 110 | AR111: 7 | AS111: 110 | AT111: 405 | AU111: 116 | AV111: 280 | AW111: 373 | AX111: 0 | AY111: 0 | AZ111: 0 | BA111: 0 | BB111: 0 | BC111: 0 | BD111: 0 | BE111: 0 | BF111: 0 | BG111: 0 | BH111: 0 | BI111: 0 | BJ111: 0 | BK111: 0 | BL111: 0 | BM111: 0 | BN111: 0 | BO111: 0 | BP111: 0 | BQ111: =BM111+BN111+BO111+BP111 -> 0 | BR111: 288 | BS111: 218 | BT111: 3 | BU111: 377 | BV111: 128.53333 | BW111: 0 | BX111: 0 | BY111: 0 | BZ111: 31.166667 | CA111: 371 | CB111: 10 | CC111: 106 | CD111: 0 | CE111: 0 | CF111: 3 | CG111: 0 | CH111: 28 | CI111: 16 | CJ111: 15 | CK111: 0 | CL111: 0 | CM111: 6 | CN111: 6 | CO111: 1 | CP111: 0 | CQ111: ='Top Ten Disease (OPD)'!FC112 -> 2 | CR111: 10670 | CS111: 8172
A112: 11114 | B112: Municipality | C112: Province 1 | D112: Jhapa | E112: Bhadrapur Municipality | F112: 1860 | G112: 1565 | H112: 1569 | I112: 1569 | J112: 1460 | K112: 1193 | L112: 1378 | M112: 1379 | N112: 0 | O112: 891 | P112: =Q112*12 -> 282 | Q112: 23.5 | R112: 274 | S112: 100 | T112: 948 | U112: 12 | V112: 11 | W112: 656 | X112: 71 | Y112: 34 | Z112: 6444 | AA112: 5823 | AB112: 355 | AC112: 47 | AD112: 10 | AE112: 1079 | AF112: 418 | AG112: 1225 | AH112: =AB112+AC112+AD112+AE112 -> 1491 | AI112: =AF112+AG112 -> 1643 | AJ112: 1053 | AK112: 289 | AL112: 24 | AM112: 1286 | AN112: =AJ112+AK112+AL112+AM112 -> 2652 | AO112: =AK112+AL112 -> 313 | AP112: 225 | AQ112: 43 | AR112: 99 | AS112: 264 | AT112: 2332 | AU112: 210 | AV112: 1098 | AW112: 1230 | AX112: 0 | AY112: 1 | AZ112: 1923 | BA112: 0 | BB112: 41 | BC112: 0 | BD112: 0 | BE112: 0 | BF112: 0 | BG112: 0 | BH112: 1 | BI112: 0 | BJ112: 0 | BK112: 82 | BL112: 0 | BM112: 0 | BN112: 0 | BO112: 1 | BP112: 0 | BQ112: =BM112+BN112+BO112+BP112 -> 1 | BR112: 1066 | BS112: 1142 | BT112: 680 | BU112: 960 | BV112: 382.94 | BW112: 0 | BX112: 0 | BY112: 51 | BZ112: 59.416667 | CA112: 378 | CB112: 14.083333 | CC112: 145 | CD112: 5600 | CE112: 52 | CF112: 1 | CG112: 0 | CH112: 54 | CI112: 25 | CJ112: 25 | CK112: 1 | CL112: 0 | CM112: 522 | CN112: 522 | CO112: 8 | CP112: 13 | CQ112: ='Top Ten Disease (OPD)'!FC113 -> 56 | CR112: 20728 | CS112: 18750
A113: 11115 | B113: Rural Municipality | C113: Province 1 | D113: Jhapa | E113: Kachanakawal Rural Municipality | F113: 832 | G113: 845 | H113: 802 | I113: 802 | J113: 772 | K113: 537 | L113: 715 | M113: 687 | N113: 113 | O113: 387 | P113: =Q113*12 -> 262 | Q113: 21.833333 | R113: 257 | S113: 1 | T113: 675 | U113: 7 | V113: 0 | W113: 102 | X113: 11 | Y113: 0 | Z113: 4507 | AA113: 4669 | AB113: 361 | AC113: 85 | AD113: 0 | AE113: 1443 | AF113: 378 | AG113: 1363 | AH113: =AB113+AC113+AD113+AE113 -> 1889 | AI113: =AF113+AG113 -> 1741 | AJ113: 665 | AK113: 409 | AL113: 26 | AM113: 1118 | AN113: =AJ113+AK113+AL113+AM113 -> 2218 | AO113: =AK113+AL113 -> 435 | AP113: 190 | AQ113: 150 | AR113: 97 | AS113: 84 | AT113: 564 | AU113: 36 | AV113: 385 | AW113: 433 | AX113: 2 | AY113: 6 | AZ113: 72 | BA113: 0 | BB113: 37 | BC113: 0 | BD113: 0 | BE113: 0 | BF113: 0 | BG113: 0 | BH113: 0 | BI113: 2 | BJ113: 0 | BK113: 52 | BL113: 0 | BM113: 0 | BN113: 0 | BO113: 3 | BP113: 0 | BQ113: =BM113+BN113+BO113+BP113 -> 3 | BR113: 243 | BS113: 489 | BT113: 168 | BU113: 515 | BV113: 122.2 | BW113: 0 | BX113: 0 | BY113: 0 | BZ113: 59.083333 | CA113: 464 | CB113: 24 | CC113: 265 | CD113: 0 | CE113: 0 | CF113: 18 | CG113: 0 | CH113: 44 | CI113: 17 | CJ113: 25 | CK113: 1 | CL113: 0 | CM113: 704 | CN113: 704 | CO113: 11 | CP113: 10 | CQ113: ='Top Ten Disease (OPD)'!FC114 -> 25 | CR113: 21628 | CS113: 19240
A114: 112 | B114: District | C114: Province 1 | D114: Morang | E114: MORANG | F114: 24234 | G114: 21570 | H114: 20750 | I114: 20735 | J114: 20474 | K114: 16016 | L114: 17821 | M114: 9856 | N114: 8840 | O114: 15793 | P114: =Q114*12 -> 4058 | Q114: 338.16667 | R114: 3904 | S114: 3973 | T114: 15878 | U114: 178 | V114: 94 | W114: 8582 | X114: 261 | Y114: 141 | Z114: 77565 | AA114: 69122 | AB114: 5764 | AC114: 740 | AD114: 0 | AE114: 21212 | AF114: 7172 | AG114: 19660 | AH114: =AB114+AC114+AD114+AE114 -> 27716 | AI114: =AF114+AG114 -> 26832 | AJ114: 14239 | AK114: 3821 | AL114: 20 | AM114: 34755 | AN114: =AJ114+AK114+AL114+AM114 -> 52835 | AO114: =AK114+AL114 -> 3841 | AP114: 3981 | AQ114: 3600 | AR114: 3187 | AS114: 8848 | AT114: 31607 | AU114: 3072 | AV114: 9994 | AW114: 8355 | AX114: 8 | AY114: 1 | AZ114: 20175 | BA114: 13 | BB114: 5308 | BC114: 0 | BD114: 1 | BE114: 0 | BF114: 0 | BG114: 3 | BH114: 12 | BI114: 182 | BJ114: 57 | BK114: 1768 | BL114: 882 | BM114: 0 | BN114: 0 | BO114: 11 | BP114: 140 | BQ114: =BM114+BN114+BO114+BP114 -> 151 | BR114: 5517 | BS114: 9315 | BT114: 3310 | BU114: 14451 | BV114: 2365.88 | BW114: 560 | BX114: 3 | BY114: 3 | BZ114: 766.5 | CA114: 8492 | CB114: 254.83333 | CC114: 2935 | CD114: 5081 | CE114: 45 | CF114: 9 | CG114: 100 | CH114: 1016 | CI114: 556 | CJ114: 483 | CK114: 9 | CL114: 3 | CM114: 4940 | CN114: 4928 | CO114: 64 | CP114: 57 | CQ114: ='Top Ten Disease (OPD)'!FC115 -> 87 | CR114: 581746 | CS114: 451127
A115: 11201 | B115: Rural Municipality | C115: Province 1 | D115: Morang | E115: Miklajung Rural Municipality | F115: 647 | G115: 653 | H115: 691 | I115: 691 | J115: 642 | K115: 532 | L115: 624 | M115: 391 | N115: 93 | O115: 610 | P115: =Q115*12 -> 149 | Q115: 12.416667 | R115: 149 | S115: 3 | T115: 646 | U115: 0 | V115: 0 | W115: 415 | X115: 3 | Y115: 0 | Z115: 1770 | AA115: 1614 | AB115: 305 | AC115: 3 | AD115: 0 | AE115: 524 | AF115: 349 | AG115: 487 | AH115: =AB115+AC115+AD115+AE115 -> 832 | AI115: =AF115+AG115 -> 836 | AJ115: 721 | AK115: 360 | AL115: 0 | AM115: 1482 | AN115: =AJ115+AK115+AL115+AM115 -> 2563 | AO115: =AK115+AL115 -> 360 | AP115: 209 | AQ115: 179 | AR115: 21 | AS115: 119 | AT115: 399 | AU115: 65 | AV115: 214 | AW115: 281 | AX115: 0 | AY115: 0 | AZ115: 26 | BA115: 0 | BB115: 26 | BC115: 0 | BD115: 0 | BE115: 0 | BF115: 0 | BG115: 0 | BH115: 0 | BI115: 3 | BJ115: 0 | BK115: 75 | BL115: 0 | BM115: 0 | BN115: 0 | BO115: 2 | BP115: 0 | BQ115: =BM115+BN115+BO115+BP115 -> 2 | BR115: 77 | BS115: 92 | BT115: 0 | BU115: 203 | BV115: 87.846667 | BW115: 0 | BX115: 0 | BY115: 0 | BZ115: 27.25 | CA115: 302 | CB115: 12.166667 | CC115: 144 | CD115: 0 | CE115: 0 | CF115: 0 | CG115: 0 | CH115: 20 | CI115: 24 | CJ115: 10 | CK115: 0 | CL115: 0 | CM115: 448 | CN115: 448 | CO115: 0 | CP115: 0 | CQ115: ='Top Ten Disease (OPD)'!FC116 -> 0 | CR115: 10077 | CS115: 7489
A116: 11202 | B116: Municipality | C116: Province 1 | D116: Morang | E116: Letang Municipality | F116: 715 | G116: 692 | H116: 687 | I116: 687 | J116: 677 | K116: 702 | L116: 746 | M116: 368 | N116: 251 | O116: 808 | P116: =Q116*12 -> 199 | Q116: 16.583333 | R116: 199 | S116: 2 | T116: 749 | U116: 2 | V116: 5 | W116: 581 | X116: 0 | Y116: 0 | Z116: 3687 | AA116: 3314 | AB116: 151 | AC116: 10 | AD116: 0 | AE116: 637 | AF116: 155 | AG116: 525 | AH116: =AB116+AC116+AD116+AE116 -> 798 | AI116: =AF116+AG116 -> 680 | AJ116: 585 | AK116: 244 | AL116: 0 | AM116: 1038 | AN116: =AJ116+AK116+AL116+AM116 -> 1867 | AO116: =AK116+AL116 -> 244 | AP116: 130 | AQ116: 102 | AR116: 178 | AS116: 101 | AT116: 451 | AU116: 66 | AV116: 299 | AW116: 365 | AX116: 0 | AY116: 0 | AZ116: 123 | BA116: 2 | BB116: 34 | BC116: 0 | BD116: 1 | BE116: 0 | BF116: 0 | BG116: 0 | BH116: 0 | BI116: 23 | BJ116: 10 | BK116: 126 | BL116: 10 | BM116: 0 | BN116: 0 | BO116: 0 | BP116: 0 | BQ116: =BM116+BN116+BO116+BP116 -> 0 | BR116: 121 | BS116: 205 | BT116: 220 | BU116: 401 | BV116: 109.43333 | BW116: 0 | BX116: 0 | BY116: 0 | BZ116: 33.666667 | CA116: 389 | CB116: 11.833333 | CC116: 138 | CD116: 2 | CE116: 0 | CF116: 2 | CG116: 1 | CH116: 39 | CI116: 33 | CJ116: 25 | CK116: 0 | CL116: 0 | CM116: 254 | CN116: 254 | CO116: 2 | CP116: 1 | CQ116: ='Top Ten Disease (OPD)'!FC117 -> 3 | CR116: 7226 | CS116: 5368
A117: 11203 | B117: Rural Municipality | C117: Province 1 | D117: Morang | E117: Kerabari Rural Municipality | F117: 535 | G117: 604 | H117: 629 | I117: 632 | J117: 583 | K117: 445 | L117: 472 | M117: 164 | N117: 275 | O117: 534 | P117: =Q117*12 -> 201 | Q117: 16.75 | R117: 201 | S117: 4 | T117: 627 | U117: 3 | V117: 0 | W117: 178 | X117: 1 | Y117: 0 | Z117: 2760 | AA117: 2388 | AB117: 536 | AC117: 31 | AD117: 0 | AE117: 1041 | AF117: 556 | AG117: 1012 | AH117: =AB117+AC117+AD117+AE117 -> 1608 | AI117: =AF117+AG117 -> 1568 | AJ117: 704 | AK117: 171 | AL117: 5 | AM117: 1672 | AN117: =AJ117+AK117+AL117+AM117 -> 2552 | AO117: =AK117+AL117 -> 176 | AP117: 135 | AQ117: 112 | AR117: 97 | AS117: 158 | AT117: 390 | AU117: 48 | AV117: 183 | AW117: 288 | AX117: 0 | AY117: 1 | AZ117: 149 | BA117: 9 | BB117: 154 | BC117: 0 | BD117: 0 | BE117: 0 | BF117: 0 | BG117: 0 | BH117: 0 | BI117: 2 | BJ117: 0 | BK117: 77 | BL117: 0 | BM117: 0 | BN117: 0 | BO117: 0 | BP117: 1 | BQ117: =BM117+BN117+BO117+BP117 -> 1 | BR117: 250 | BS117: 149 | BT117: 7 | BU117: 328 | BV117: 96.573333 | BW117: 0 | BX117: 0 | BY117: 0 | BZ117: 39.75 | CA117: 406 | CB117: 10.833333 | CC117: 125 | CD117: 0 | CE117: 0 | CF117: 0 | CG117: 0 | CH117: 56 | CI117: 12 | CJ117: 12 | CK117: 4 | CL117: 1 | CM117: 220 | CN117: 220 | CO117: 3 | CP117: 0 | CQ117: ='Top Ten Disease (OPD)'!FC118 -> 3 | CR117: 10721 | CS117: 9360
... A838: 70909 | B838: Rural Municipality | C838: Sudurpashchim Province | D838: Kanchanpur | E838: Beldandi Rural Municipality | F838: 407 | G838: 400 | H838: 354 | I838: 354 | J838: 344 | K838: 305 | L838: 342 | M838: 188 | N838: 259 | O838: 380 | P838: =Q838*12 -> 108 | Q838: 9 | R838: 108 | S838: 20 | T838: 240 | U838: 23 | V838: 13 | W838: 221 | X838: 21 | Y838: 9 | Z838: 2579 | AA838: 2276 | AB838: 245 | AC838: 46 | AD838: 1 | AE838: 1793 | AF838: 218 | AG838: 1678 | AH838: =AB838+AC838+AD838+AE838 -> 2085 | AI838: =AF838+AG838 -> 1896 | AJ838: 349 | AK838: 138 | AL838: 0 | AM838: 1682 | AN838: =AJ838+AK838+AL838+AM838 -> 2169 | AO838: =AK838+AL838 -> 138 | AP838: 92 | AQ838: 35 | AR838: 15 | AS838: 75 | AT838: 406 | AU838: 43 | AV838: 306 | AW838: 365 | AX838: 0 | AY838: 0 | AZ838: 303 | BA838: 0 | BB838: 153 | BC838: 1 | BD838: 0 | BE838: 0 | BF838: 0 | BG838: 0 | BH838: 0 | BI838: 3 | BJ838: 0 | BK838: 110 | BL838: 5 | BM838: 0 | BN838: 0 | BO838: 1 | BP838: 0 | BQ838: =BM838+BN838+BO838+BP838 -> 1 | BR838: 236 | BS838: 409 | BT838: 0 | BU838: 790 | BV838: 329.46667 | BW838: 0 | BX838: 0 | BY838: 0 | BZ838: 47.833333 | CA838: 503 | CB838: 8 | CC838: 87 | CD838: 0 | CE838: 0 | CF838: 0 | CG838: 1 | CH838: 29 | CI838: 13 | CJ838: 11 | CK838: 1 | CL838: 0 | CM838: 1985 | CN838: 1985 | CO838: 1 | CP838: 0 | CQ838: ='Top Ten Disease (OPD)'!FC839 -> 1 | CR838: 10536 | CS838: 6253
B839: Nepal | C839: Nepal | E839: Nepal | F839: 573796 | G839: 550619 | H839: 509979 | I839: 513111 | J839: 497126 | K839: 409771 | L839: 492017 | M839: 269807 | N839: 202262 | O839: 436251 | P839: =Q839*12 -> 177079 | Q839: 14756.583 | R839: 167949 | S839: 32509 | T839: 504219.5 | U839: 14310 | V839: 4586 | W839: 325431 | X839: 14905 | Y839: 4807 | Z839: 2225848 | AA839: 1955128 | AB839: 312006 | AC839: 62808 | AD839: 1746 | AE839: 771706 | AF839: 378837 | AG839: 714479 | AH839: =AB839+AC839+AD839+AE839 -> 1148266 | AI839: =AF839+AG839 -> 1093316 | AJ839: 565613 | AK839: 155394 | AL839: 4419 | AM839: 1025242 | AN839: =AJ839+AK839+AL839+AM839 -> 1750668 | AO839: =AK839+AL839 -> 159813 | AP839: 162973 | AQ839: 77312 | AR839: 68266 | AS839: 119391 | AT839: 541994 | AU839: 52188 | AV839: 268455 | AW839: 289625 | AX839: 21034 | AY839: 7086 | AZ839: 327635 | BA839: 3671 | BB839: 99585 | BC839: 37 | BD839: 41 | BE839: 66 | BF839: 9 | BG839: 29 | BH839: 57 | BI839: 5862 | BJ839: 4265 | BK839: 55298 | BL839: 33215 | BM839: 86 | BN839: 5 | BO839: 1383 | BP839: 716 | BQ839: =BM839+BN839+BO839+BP839 -> 2190 | BR839: 163192 | BS839: 300249 | BT839: 143282 | BU839: 359487 | BV839: 194885.04 | BW839: 3545 | BX839: 441 | BY839: 2027 | BZ839: 49249.667 | CA839: 517285 | CB839: 12146 | CC839: 131382 | CD839: 139567 | CE839: 2013 | CF839: 933 | CG839: 5029 | CH839: 25875 | CI839: 12182 | CJ839: 10505 | CK839: 1187 | CL839: 77 | CM839: 207828 | CN839: 207581 | CO839: 1722 | CP839: 1465 | CQ839: ='Top Ten Disease (OPD)'!FC840 -> 6327 | CR839: 12025279 | CS839: 9324237
AI840: =AI839/AH839*100 -> 95.214523

Sheet Health Facilities
F1: Public Health Facilities | M1: Non-public health facilities | N1: Total health facilities (Public and Non-Public)
A2: Code | B2: Governance Units | C2: Provinces | D2: Districts | E2: Name of Government Unit | F2: Hospital | G2: Primary Health Care Centers | H2: Health Post | I2: Urban Health Centers | J2: Community Health Unit | K2: Other Health Facilities | L2: Total
A3: 1 | B3: Province | C3: Province 1 | D3: Province | E3: Province 1 | F3: 18 | G3: 40 | H3: 648 | I3: 52 | J3: 49 | K3: 9 | L3: 816 | M3: 136 | N3: 952
A4: 101 | B4: District | C4: Province 1 | D4: Taplejung | E4: TAPLEJUNG | F4: 1 | G4: 2 | H4: 50 | I4: 2 | J4: 11 | K4: 0 | L4: 66 | M4: 5 | N4: 71
A5: 10101 | B5: Rural Municipality | C5: Province 1 | D5: Taplejung | E5: Phaktanlung Rural Municipality | F5: 0 | G5: 0 | H5: 7 | I5: 0 | J5: 2 | K5: 0 | L5: 9 | M5: 0 | N5: 9
A6: 10102 | B6: Rural Municipality | C6: Province 1 | D6: Taplejung | E6: Mikwakhola Rural Municipality | F6: 0 | G6: 0 | H6: 4 | I6: 0 | J6: 1 | K6: 0 | L6: 5 | M6: 0 | N6: 5
A7: 10103 | B7: Rural Municipality | C7: Province 1 | D7: Taplejung | E7: Meringden Rural Municipality | F7: 0 | G7: 0 | H7: 6 | I7: 0 | J7: 1 | K7: 0 | L7: 7 | M7: 0 | N7: 7
A8: 10104 | B8: Rural Municipality | C8: Province 1 | D8: Taplejung | E8: Maiwakhola Rural Municipality | F8: 0 | G8: 1 | H8: 2 | I8: 0 | J8: 3 | K8: 0 | L8: 6 | M8: 0 | N8: 6
A9: 10105 | B9: Rural Municipality | C9: Province 1 | D9: Taplejung | E9: Aatharai Tribeni Rural Municipality | F9: 0 | G9: 0 | H9: 7 | I9: 0 | J9: 0 | K9: 0 | L9: 7 | M9: 0 | N9: 7
A10: 10106 | B10: Municipality | C10: Province 1 | D10: Taplejung | E10: Phungling Municipality | F10: 1 | G10: 0 | H10: 4 | I10: 2 | J10: 3 | K10: 0 | L10: 10 | M10: 5 | N10: 15
A11: 10107 | B11: Rural Municipality | C11: Province 1 | D11: Taplejung | E11: Yangwarak Rural Municipality | F11: 0 | G11: 0 | H11: 6 | I11: 0 | J11: 0 | K11: 0 | L11: 6 | M11: 0 | N11: 6
A12: 10108 | B12: Rural Municipality | C12: Province 1 | D12: Taplejung | E12: Sirijanga Rural Municipality | F12: 0 | G12: 1 | H12: 7 | I12: 0 | J12: 1 | K12: 0 | L12: 9 | M12: 0 | N12: 9
A13: 10109 | B13: Rural Municipality | C13: Province 1 | D13: Taplejung | E13: Sidingba Rural Municipality | F13: 0 | G13: 0 | H13: 7 | I13: 0 | J13: 0 | K13: 0 | L13: 7 | M13: 0 | N13: 7
A14: 102 | B14: District | C14: Province 1 | D14: Sankhuwasabha | E14: SANKHUWASABHA | F14: 1 | G14: 2 | H14: 36 | I14: 8 | J14: 8 | K14: 0 | L14: 55 | M14: 8 | N14: 63
... A839: 70909 | B839: Rural Municipality | C839: Sudurpashchim Province | D839: Kanchanpur | E839: Beldandi Rural Municipality | F839: 0 | G839: 1 | H839: 1 | I839: 0 | J839: 0 | K839: 0 | L839: 2 | M839: 0 | N839: 2
B840: Nepal | C840: Nepal | E840: Nepal | F840: 125 | G840: 198 | H840: 3808 | I840: 374 | J840: 299 | K840: 59 | L840: 4863 | M840: 2071 | N840: 6934

Sheet Indicators
F1: Immunization | Q1: Nutrition | V1: IMNCI | AB1: Safe Motherhood | AJ1: Family Planning | AL1: FCHV | AP1: HIV/AIDS | AR1: Tuberclosis
A2: Code | B2: Governance Units | C2: Provinces | D2: Districts | E2: Name of Government Unit | F2: Percentage of children under one year immunized with BCG | G2: Percentage of children under one year immunized with DPT-HepB-Hib1 | H2: Percentage of children under one year immunized with DPT-HepB-Hib3 | I2: Percentage of children under one year immunized with polio 3 | J2: Percentage of children under one year immunized with PCV 3 | K2: Percentage of children aged 12-23 months immunized with measles/rubella 2 | L2: Percentage of children 12-23 months immunized with JE | M2: Percentage of children fully immunized as per NIP schedule | N2: Drop out DPT-HepB-Hib 1 vs 3 | O2: Percentage of pregnant women who received TD2 & TD2+ | P2: Percentage of planned immunization sessions conducted | Q2: Percentage of newborns with low birth weight (<2.5kg) among total delivery by HWs | R2: Percentage of children aged 0-23 months registered for (New) growth monitoring | S2: % of children aged 0-23 months registered for Growth Monitoring (New) who were Underweight | T2: % of children aged 6-59 months, who received Vitamin A supplements | U2: % of children aged 12-59 months who received antihelminthics/Deworming | V2: Diarrhoea incidence rate among children under five years | W2: Percentage of children under five years with diarrhea treated with zinc and ORS | X2: Incidence of ARI among children under five years (per 1000) | Y2: Incidence of pneumonia among children under five years (per 1000) (HF & Outreacah) | Z2: % of children under five years with ARI suffering pneumonia | AA2: Percentage of pneumonia cases treated with antibiotics (HF & ORC) | AB2: Percentage of pregnant women who had at least one ANC checkup | AC2: Percentage of pregnant women who had four ANC checkups as per protocol (4th, 6th, 8th and 9th month) | AD2: Percentage of women who received a 180 day supply of Iron Folic Acid during pregnancy | AE2: Percentage of institutional deliveries | AF2: Percentage of women who had 3 PNC check-ups as per protocol | AG2: Number of Maternal Deaths (SM+FCHV) | AH2: Number of Neonatal Deaths (IMNCI+SM+FCHV) | AI2: Total number of Abortion Cases | AJ2: Contraceptive prevalence rate (CPR)(modern spacing methods) among women of reproductive age (MWRA) | AK2: % of postpartum mothers using a modern family planning method (implant, IUCD) | AL2: Number of Female Community Health Volunteers (FCHVs) | AM2: Percentage of Mother groups meeting held | AN2: % of planned primary health care (PHC) outreach clinics conducted | AO2: Average number of clients served per PHC outreach clinic | AP2: Number of HIV tested | AQ2: Total new HIV positive cases | AR2: No. of new TB cases registered | AS2: TB Treatment Success Rate(Percentage) | AT2: Number of kala-azar cases in at risk districts | AU2: Number of lymphatic filariasis cases | AV2: Number of Dengue cases | AW2: Number of Trachoma cases | AX2: Number of new case detection of leprosy [Pausi Besilli (PB) and Multi Besilli (MB)] | AY2: Prevalence of leprosy per 10,000 population | AZ2: Number of outpatients (New) | BA2: % of population utilizing outpatient service | BB2: Outpatient sex ratio | BC2: Reporting Status-Dataset Reporting rate (%)
A3: 1 | B3: Province | C3: Province 1 | D3: Province | E3: Province 1 | F3: 90 | G3: 86.3 | H3: 82.3 | I3: 82.4 | J3: 82.5 | K3: 68.5 | L3: 79.4 | M3: 79.7 | N3: 4.6 | O3: 68.4 | P3: ='Raw Data'!R2/'Raw Data'!P2*100 -> 94.624593 | Q3: 14.9 | R3: 66.2 | S3: 2.5 | T3: ='Raw Data'!Z2/'Target Population'!M3*100 -> 88.386909 | U3: ='Raw Data'!AA2/'Target Population'!N3*100 -> 89.883647 | V3: ='Raw Data'!AH2/'Target Population'!L3*100 -> 36.366864 | W3: ='Raw Data'!AI2/'Raw Data'!AH2*100 -> 89.755908 | X3: ='Raw Data'!AN2/'Target Population'!L3*1000 -> 664.0453 | Y3: ='Raw Data'!AO2/'Target Population'!L3*1000 -> 68.468803 | Z3: ='Raw Data'!AO2/('Raw Data'!AJ2+'Raw Data'!AK2+'Raw Data'!AL2)*100 -> 23.43477 | AA3: =('Raw Data'!AP2+'Raw Data'!AQ2+'Raw Data'!AR2)/'Raw Data'!AO2*100 -> 172.72084 | AB3: 104.8 | AC3: 46.7 | AD3: 37.3 | AE3: 52.5 | AF3: 11.8 | AG3: ='Raw Data'!BC2+'Raw Data'!BD2+'Raw Data'!BE2+'Raw Data'!BF2+'Raw Data'!BG2+'Raw Data'!BH2 -> 41 | AH3: ='Raw Data'!BQ2 -> 511 | AI3: ='Raw Data'!BI2+'Raw Data'!BJ2+'Raw Data'!BK2+'Raw Data'!BL2 -> 15854 | AJ3: =('Raw Data'!BR2+'Raw Data'!BS2+'Raw Data'!BT2+'Raw Data'!BU2+'Raw Data'!BV2)/'Target Population'!Q3*100 -> 20.252254 | AK3: =SUM('Raw Data'!BW2:BY2)/'Target Population'!G3*100 -> 1.5137648 | AL3: ='Raw Data'!BZ2 -> 8662.6667 | AM3: ='Raw Data'!CA2/('Raw Data'!BZ2*12)*100 -> 84.34566 | AN3: ='Raw Data'!CC2/('Raw Data'!CB2*12)*100 -> 92.928534 | AO3: 17.8 | AP3: ='Raw Data'!CD2 -> 14714 | AQ3: ='Raw Data'!CE2 -> 142 | AR3: 3587 | AS3: 88.6 | AT3: 54 | AU3: ='Top Ten Disease (OPD)'!HF3 -> 103 | AV3: ='Top Ten Disease (OPD)'!HD3 -> 131 | AW3: ='Raw Data'!CG2 -> 734 | AX3: ='Raw Data'!CO2+'Raw Data'!CP2 -> 367 | AY3: 7.7 | AZ3: ='Raw Data'!CR2+'Raw Data'!CS2 -> 3670567 | BA3: =AZ3/'Target Population'!F3*100 -> 75.93446 | BB3: ='Raw Data'!CS2/'Raw Data'!CR2*100 -> 79.017119 | BC3: 94.9
A4: 101 | B4: District | C4: Province 1 | D4: Taplejung | E4: TAPLEJUNG | F4: 91.6 | G4: 89.8 | H4: 84.1 | I4: 85 | J4: 80.3 | K4: 70.7 | L4: 93.3 | M4: 66.7 | N4: 6.3 | O4: 68.4 | P4: ='Raw Data'!R3/'Raw Data'!P3*100 -> 88.93643 | Q4: 2.9 | R4: 69.5 | S4: 3.3 | T4: ='Raw Data'!Z3/'Target Population'!M4*100 -> 84.393355 | U4: ='Raw Data'!AA3/'Target Population'!N4*100 -> 85.436523 | V4: ='Raw Data'!AH3/'Target Population'!L4*100 -> 53.368808 | W4: ='Raw Data'!AI3/'Raw Data'!AH3*100 -> 94.158124 | X4: ='Raw Data'!AN3/'Target Population'!L4*1000 -> 892.37803 | Y4: ='Raw Data'!AO3/'Target Population'!L4*1000 -> 104.47426 | Z4: ='Raw Data'!AO3/('Raw Data'!AJ3+'Raw Data'!AK3+'Raw Data'!AL3)*100 -> 20.53624 | AA4: =('Raw Data'!AP3+'Raw Data'!AQ3+'Raw Data'!AR3)/'Raw Data'!AO3*100 -> 100.21521 | AB4: 81 | AC4: 31.2 | AD4: 35 | AE4: 39 | AF4: 16 | AG4: ='Raw Data'!BC3+'Raw Data'!BD3+'Raw Data'!BE3+'Raw Data'!BF3+'Raw Data'!BG3+'Raw Data'!BH3 -> 5 | AH4: ='Raw Data'!BQ3 -> 45 | AI4: ='Raw Data'!BI3+'Raw Data'!BJ3+'Raw Data'!BK3+'Raw Data'!BL3 -> 496 | AJ4: =('Raw Data'!BR3+'Raw Data'!BS3+'Raw Data'!BT3+'Raw Data'!BU3+'Raw Data'!BV3)/'Target Population'!Q4*100 -> 22.543454 | AK4: =SUM('Raw Data'!BW3:BY3)/'Target Population'!G4*100 -> 0.10183299 | AL4: ='Raw Data'!BZ3 -> 872.41667 | AM4: ='Raw Data'!CA3/('Raw Data'!BZ3*12)*100 -> 54.685261 | AN4: ='Raw Data'!CC3/('Raw Data'!CB3*12)*100 -> 91.383326 | AO4: 10.6 | AP4: ='Raw Data'!CD3 -> 0 | AQ4: ='Raw Data'!CE3 -> 0 | AR4: 54 | AS4: 66.7 | AT4: 0 | AU4: ='Top Ten Disease (OPD)'!HF4 -> 0 | AV4: ='Top Ten Disease (OPD)'!HD4 -> 0 | AW4: ='Raw Data'!CG3 -> 73 | AX4: ='Raw Data'!CO3+'Raw Data'!CP3 -> 0 | AY4: 0 | AZ4: ='Raw Data'!CR3+'Raw Data'!CS3 -> 111948 | BA4: =AZ4/'Target Population'!F4*100 -> 86.027157 | BB4: ='Raw Data'!CS3/'Raw Data'!CR3*100 -> 88.100479 | BC4: 94.3
A5: 10101 | B5: Rural Municipality | C5: Province 1 | D5: Taplejung | E5: Phaktanlung Rural Municipality | F5: 105.2 | G5: 110.8 | H5: 105.6 | I5: 104.5 | J5: 97.4 | K5: 66.9 | L5: 144 | M5: 82.1 | N5: 4.7 | O5: 78.7 | P5: ='Raw Data'!R4/'Raw Data'!P4*100 -> 78.15534 | Q5: 0 | R5: 72.8 | S5: 1.3 | T5: ='Raw Data'!Z4/'Target Population'!M5*100 -> 90.33101 | U5: ='Raw Data'!AA4/'Target Population'!N5*100 -> 83.234714 | V5: ='Raw Data'!AH4/'Target Population'!L5*100 -> 69.734789 | W5: ='Raw Data'!AI4/'Raw Data'!AH4*100 -> 91.275168 | X5: ='Raw Data'!AN4/'Target Population'!L5*1000 -> 1153.6661 | Y5: ='Raw Data'!AO4/'Target Population'!L5*1000 -> 204.36817 | Z5: ='Raw Data'!AO4/('Raw Data'!AJ4+'Raw Data'!AK4+'Raw Data'!AL4)*100 -> 27.754237 | AA5: =('Raw Data'!AP4+'Raw Data'!AQ4+'Raw Data'!AR4)/'Raw Data'!AO4*100 -> 103.81679 | AB5: 76.5 | AC5: 35.7 | AD5: 39.4 | AE5: 31.8 | AF5: 14.4 | AG5: ='Raw Data'!BC4+'Raw Data'!BD4+'Raw Data'!BE4+'Raw Data'!BF4+'Raw Data'!BG4+'Raw Data'!BH4 -> 0 | AH5: ='Raw Data'!BQ4 -> 5 | AI5: ='Raw Data'!BI4+'Raw Data'!BJ4+'Raw Data'!BK4+'Raw Data'!BL4 -> 0 | AJ5: =('Raw Data'!BR4+'Raw Data'!BS4+'Raw Data'!BT4+'Raw Data'!BU4+'Raw Data'!BV4)/'Target Population'!Q5*100 -> 28.99475 | AK5: =SUM('Raw Data'!BW4:BY4)/'Target Population'!G5*100 -> 0 | AL5: ='Raw Data'!BZ4 -> 111 | AM5: ='Raw Data'!CA4/('Raw Data'!BZ4*12)*100 -> 59.234234 | AN5: ='Raw Data'!CC4/('Raw Data'!CB4*12)*100 -> 91.694352 | AO5: 10 | AP5: ='Raw Data'!CD4 -> 0 | AQ5: ='Raw Data'!CE4 -> 0 | AR5: 3 | AS5: 0 | AT5: 0 | AU5: ='Top Ten Disease (OPD)'!HF5 -> 0 | AV5: ='Top Ten Disease (OPD)'!HD5 -> 0 | AW5: ='Raw Data'!CG4 -> 3 | AX5: ='Raw Data'!CO4+'Raw Data'!CP4 -> 0 | AY5: 0 | AZ5: ='Raw Data'!CR4+'Raw Data'!CS4 -> 11174 | BA5: =AZ5/'Target Population'!F5*100 -> 91.31323 | BB5: ='Raw Data'!CS4/'Raw Data'!CR4*100 -> 93.422191 | BC5: 97.2
A6: 10102 | B6: Rural Municipality | C6: Province 1 | D6: Taplejung | E6: Mikwakhola Rural Municipality | F6: 86.8 | G6: 94.6 | H6: 93.6 | I6: 95.1 | J6: 91.7 | K6: 57.3 | L6: 71.8 | M6: 71.6 | N6: 1 | O6: 42.2 | P6: ='Raw Data'!R5/'Raw Data'!P5*100 -> 89.336158 | Q6: 2.7 | R6: 61.6 | S6: 2.6 | T6: ='Raw Data'!Z5/'Target Population'!M6*100 -> 78.736842 | U6: ='Raw Data'!AA5/'Target Population'!N6*100 -> 79.599057 | V6: ='Raw Data'!AH5/'Target Population'!L6*100 -> 71.863118 | W6: ='Raw Data'!AI5/'Raw Data'!AH5*100 -> 90.343915 | X6: ='Raw Data'!AN5/'Target Population'!L6*1000 -> 890.68441 | Y6: ='Raw Data'!AO5/'Target Population'!L6*1000 -> 48.479087 | Z6: ='Raw Data'!AO5/('Raw Data'!AJ5+'Raw Data'!AK5+'Raw Data'!AL5)*100 -> 14.127424 | AA6: =('Raw Data'!AP5+'Raw Data'!AQ5+'Raw Data'!AR5)/'Raw Data'!AO5*100 -> 96.078431 | AB6: 76.8 | AC6: 27 | AD6: 60.2 | AE6: 17.5 | AF6: 19.4 | AG6: ='Raw Data'!BC5+'Raw Data'!BD5+'Raw Data'!BE5+'Raw Data'!BF5+'Raw Data'!BG5+'Raw Data'!BH5 -> 2 | AH6: ='Raw Data'!BQ5 -> 5 | AI6: ='Raw Data'!BI5+'Raw Data'!BJ5+'Raw Data'!BK5+'Raw Data'!BL5 -> 0 | AJ6: =('Raw Data'!BR5+'Raw Data'!BS5+'Raw Data'!BT5+'Raw Data'!BU5+'Raw Data'!BV5)/'Target Population'!Q6*100 -> 16.214487 | AK6: =SUM('Raw Data'!BW5:BY5)/'Target Population'!G6*100 -> 0 | AL6: ='Raw Data'!BZ5 -> 62.833333 | AM6: ='Raw Data'!CA5/('Raw Data'!BZ5*12)*100 -> 22.811671 | AN6: ='Raw Data'!CC5/('Raw Data'!CB5*12)*100 -> 79.768786 | AO6: 8.4 | AP6: ='Raw Data'!CD5 -> 0 | AQ6: ='Raw Data'!CE5 -> 0 | AR6: 3 | AT6: 0 | AU6: ='Top Ten Disease (OPD)'!HF6 -> 0 | AV6: ='Top Ten Disease (OPD)'!HD6 -> 0 | AW6: ='Raw Data'!CG5 -> 7 | AX6: ='Raw Data'!CO5+'Raw Data'!CP5 -> 0 | AY6: 0 | AZ6: ='Raw Data'!CR5+'Raw Data'!CS5 -> 5472 | BA6: =AZ6/'Target Population'!F6*100 -> 58.813414 | BB6: ='Raw Data'!CS5/'Raw Data'!CR5*100 -> 92.269852 | BC6: 90
A7: 10103 | B7: Rural Municipality | C7: Province 1 | D7: Taplejung | E7: Meringden Rural Municipality | F7: 84.3 | G7: 73.9 | H7: 71.9 | I7: 75.6 | J7: 69.9 | K7: 59.7 | L7: 70 | M7: 73.6 | N7: 2.7 | O7: 55.7 | P7: ='Raw Data'!R6/'Raw Data'!P6*100 -> 95.081967 | Q7: 5.2 | R7: 51.2 | S7: 0.3 | T7: ='Raw Data'!Z6/'Target Population'!M7*100 -> 92.517537 | U7: ='Raw Data'!AA6/'Target Population'!N7*100 -> 92.586055 | V7: ='Raw Data'!AH6/'Target Population'!L7*100 -> 46.997207 | W7: ='Raw Data'!AI6/'Raw Data'!AH6*100 -> 100 | X7: ='Raw Data'!AN6/'Target Population'!L7*1000 -> 781.42458 | Y7: ='Raw Data'!AO6/'Target Population'!L7*1000 -> 84.497207 | Z7: ='Raw Data'!AO6/('Raw Data'!AJ6+'Raw Data'!AK6+'Raw Data'!AL6)*100 -> 19.267516 | AA7: =('Raw Data'!AP6+'Raw Data'!AQ6+'Raw Data'!AR6)/'Raw Data'!AO6*100 -> 90.909091 | AB7: 79.3 | AC7: 21.7 | AD7: 22.7 | AE7: 26.2 | AF7: 6.1 | AG7: ='Raw Data'!BC6+'Raw Data'!BD6+'Raw Data'!BE6+'Raw Data'!BF6+'Raw Data'!BG6+'Raw Data'!BH6 -> 0 | AH7: ='Raw Data'!BQ6 -> 4 | AI7: ='Raw Data'!BI6+'Raw Data'!BJ6+'Raw Data'!BK6+'Raw Data'!BL6 -> 20 | AJ7: =('Raw Data'!BR6+'Raw Data'!BS6+'Raw Data'!BT6+'Raw Data'!BU6+'Raw Data'!BV6)/'Target Population'!Q7*100 -> 26.324581 | AK7: =SUM('Raw Data'!BW6:BY6)/'Target Population'!G7*100 -> 0 | AL7: ='Raw Data'!BZ6 -> 108.33333 | AM7: ='Raw Data'!CA6/('Raw Data'!BZ6*12)*100 -> 52 | AN7: ='Raw Data'!CC6/('Raw Data'!CB6*12)*100 -> 96.208531 | AO7: 9.9 | AP7: ='Raw Data'!CD6 -> 0 | AQ7: ='Raw Data'!CE6 -> 0 | AR7: 6 | AS7: 0 | AT7: 0 | AU7: ='Top Ten Disease (OPD)'!HF7 -> 0 | AV7: ='Top Ten Disease (OPD)'!HD7 -> 0 | AW7: ='Raw Data'!CG6 -> 0 | AX7: ='Raw Data'!CO6+'Raw Data'!CP6 -> 0 | AY7: 0 | AZ7: ='Raw Data'!CR6+'Raw Data'!CS6 -> 8974 | BA7: =AZ7/'Target Population'!F7*100 -> 65.709892 | BB7: ='Raw Data'!CS6/'Raw Data'!CR6*100 -> 98.891844 | BC7: 83.3
A8: 10104 | B8: Rural Municipality | C8: Province 1 | D8: Taplejung | E8: Maiwakhola Rural Municipality | F8: 78 | G8: 78.9 | H8: 78 | I8: 81.3 | J8: 78.5 | K8: 47.7 | L8: 64.1 | M8: 72.4 | N8: 1 | O8: 49.8 | P8: ='Raw Data'!R7/'Raw Data'!P7*100 -> 91.176471 | Q8: 0 | R8: 79.3 | S8: 1.2 | T8: ='Raw Data'!Z7/'Target Population'!M8*100 -> 110.89023 | U8: ='Raw Data'!AA7/'Target Population'!N8*100 -> 110.83172 | V8: ='Raw Data'!AH7/'Target Population'!L8*100 -> 39.84375 | W8: ='Raw Data'!AI7/'Raw Data'!AH7*100 -> 94.313725 | X8: ='Raw Data'!AN7/'Target Population'!L8*1000 -> 711.71875 | Y8: ='Raw Data'!AO7/'Target Population'!L8*1000 -> 53.90625 | Z8: ='Raw Data'!AO7/('Raw Data'!AJ7+'Raw Data'!AK7+'Raw Data'!AL7)*100 -> 12.299465 | AA8: =('Raw Data'!AP7+'Raw Data'!AQ7+'Raw Data'!AR7)/'Raw Data'!AO7*100 -> 142.02899 | AB8: 78.4 | AC8: 23.1 | AD8: 19.2 | AE8: 15.7 | AF8: 6.7 | AG8: ='Raw Data'!BC7+'Raw Data'!BD7+'Raw Data'!BE7+'Raw Data'!BF7+'Raw Data'!BG7+'Raw Data'!BH7 -> 2 | AH8: ='Raw Data'!BQ7 -> 9 | AI8: ='Raw Data'!BI7+'Raw Data'!BJ7+'Raw Data'!BK7+'Raw Data'!BL7 -> 9 | AJ8: =('Raw Data'!BR7+'Raw Data'!BS7+'Raw Data'!BT7+'Raw Data'!BU7+'Raw Data'!BV7)/'Target Population'!Q8*100 -> 15.917046 | AK8: =SUM('Raw Data'!BW7:BY7)/'Target Population'!G8*100 -> 0 | AL8: ='Raw Data'!BZ7 -> 66.833333 | AM8: ='Raw Data'!CA7/('Raw Data'!BZ7*12)*100 -> 56.982544 | AN8: ='Raw Data'!CC7/('Raw Data'!CB7*12)*100 -> 80.19802 | AO8: 16.2 | AP8: ='Raw Data'!CD7 -> 0 | AQ8: ='Raw Data'!CE7 -> 0 | AR8: 4 | AS8: 0 | AT8: 0 | AU8: ='Top Ten Disease (OPD)'!HF8 -> 0 | AV8: ='Top Ten Disease (OPD)'!HD8 -> 0 | AW8: ='Raw Data'!CG7 -> 0 | AX8: ='Raw Data'!CO7+'Raw Data'!CP7 -> 0 | AY8: 0 | AZ8: ='Raw Data'!CR7+'Raw Data'!CS7 -> 6769 | BA8: =AZ8/'Target Population'!F8*100 -> 60.19029 | BB8: ='Raw Data'!CS7/'Raw Data'!CR7*100 -> 83.840304 | BC8: 85
A9: 10105 | B9: Rural Municipality | C9: Province 1 | D9: Taplejung | E9: Aatharai Tribeni Rural Municipality | F9: 90.6 | G9: 90.6 | H9: 88.3 | I9: 88.3 | J9: 76.9 | K9: 78.8 | L9: 83.8 | M9: 81.1 | N9: 2.5 | O9: 70.3 | P9: ='Raw Data'!R8/'Raw Data'!P8*100 -> 93.532338 | Q9: 2 | R9: 111.6 | S9: 4.9 | T9: ='Raw Data'!Z8/'Target Population'!M9*100 -> 149.50038 | U9: ='Raw Data'!AA8/'Target Population'!N9*100 -> 158.58762 | V9: ='Raw Data'!AH8/'Target Population'!L9*100 -> 54.057772 | W9: ='Raw Data'!AI8/'Raw Data'!AH8*100 -> 96.692112 | X9: ='Raw Data'!AN8/'Target Population'!L9*1000 -> 763.41128 | Y9: ='Raw Data'!AO8/'Target Population'!L9*1000 -> 66.024759 | Z9: ='Raw Data'!AO8/('Raw Data'!AJ8+'Raw Data'!AK8+'Raw Data'!AL8)*100 -> 11.469534 | AA9: =('Raw Data'!AP8+'Raw Data'!AQ8+'Raw Data'!AR8)/'Raw Data'!AO8*100 -> 97.916667 | AB9: 77 | AC9: 48.9 | AD9: 48.3 | AE9: 28.7 | AF9: 19.2 | AG9: ='Raw Data'!BC8+'Raw Data'!BD8+'Raw Data'!BE8+'Raw Data'!BF8+'Raw Data'!BG8+'Raw Data'!BH8 -> 0 | AH9: ='Raw Data'!BQ8 -> 2 | AI9: ='Raw Data'!BI8+'Raw Data'!BJ8+'Raw Data'!BK8+'Raw Data'!BL8 -> 0 | AJ9: =('Raw Data'!BR8+'Raw Data'!BS8+'Raw Data'!BT8+'Raw Data'!BU8+'Raw Data'!BV8)/'Target Population'!Q9*100 -> 23.953763 | AK9: =SUM('Raw Data'!BW8:BY8)/'Target Population'!G9*100 -> 0 | AL9: ='Raw Data'!BZ8 -> 71.5 | AM9: ='Raw Data'!CA8/('Raw Data'!BZ8*12)*100 -> 38.461538 | AN9: ='Raw Data'!CC8/('Raw Data'!CB8*12)*100 -> 97.222222 | AO9: 11.7 | AP9: ='Raw Data'!CD8 -> 0 | AQ9: ='Raw Data'!CE8 -> 0 | AR9: 6 | AT9: 0 | AU9: ='Top Ten Disease (OPD)'!HF9 -> 0 | AV9: ='Top Ten Disease (OPD)'!HD9 -> 0 | AW9: ='Raw Data'!CG8 -> 2 | AX9: ='Raw Data'!CO8+'Raw Data'!CP8 -> 0 | AY9: 0 | AZ9: ='Raw Data'!CR8+'Raw Data'!CS8 -> 12270 | BA9: =AZ9/'Target Population'!F9*100 -> 87.56155 | BB9: ='Raw Data'!CS8/'Raw Data'!CR8*100 -> 88.798277 | BC9: 98.8
A10: 10106 | B10: Municipality | C10: Province 1 | D10: Taplejung | E10: Phungling Municipality | F10: 119.7 | G10: 103.3 | H10: 90.9 | I10: 89.4 | J10: 87.7 | K10: 100 | L10: 126.6 | M10: 34.8 | N10: 12 | O10: 95.5 | P10: ='Raw Data'!R9/'Raw Data'!P9*100 -> 80.295567 | Q10: 3.3 | R10: 54.3 | S10: 7.8 | T10: ='Raw Data'!Z9/'Target Population'!M10*100 -> 21.617978 | U10: ='Raw Data'!AA9/'Target Population'!N10*100 -> 22.545455 | V10: ='Raw Data'!AH9/'Target Population'!L10*100 -> 58.623418 | W10: ='Raw Data'!AI9/'Raw Data'!AH9*100 -> 73.279352 | X10: ='Raw Data'!AN9/'Target Population'!L10*1000 -> 708.46519 | Y10: ='Raw Data'!AO9/'Target Population'!L10*1000 -> 63.291139 | Z10: ='Raw Data'!AO9/('Raw Data'!AJ9+'Raw Data'!AK9+'Raw Data'!AL9)*100 -> 20.860495 | AA10: =('Raw Data'!AP9+'Raw Data'!AQ9+'Raw Data'!AR9)/'Raw Data'!AO9*100 -> 93.75 | AB10: 104 | AC10: 34.1 | AD10: 31.7 | AE10: 115.4 | AF10: 38.6 | AG10: ='Raw Data'!BC9+'Raw Data'!BD9+'Raw Data'!BE9+'Raw Data'!BF9+'Raw Data'!BG9+'Raw Data'!BH9 -> 0 | AH10: ='Raw Data'!BQ9 -> 5 | AI10: ='Raw Data'!BI9+'Raw Data'!BJ9+'Raw Data'!BK9+'Raw Data'!BL9 -> 465 | AJ10: =('Raw Data'!BR9+'Raw Data'!BS9+'Raw Data'!BT9+'Raw Data'!BU9+'Raw Data'!BV9)/'Target Population'!Q10*100 -> 24.387025 | AK10: =SUM('Raw Data'!BW9:BY9)/'Target Population'!G10*100 -> 0.1607717 | AL10: ='Raw Data'!BZ9 -> 100.16667 | AM10: ='Raw Data'!CA9/('Raw Data'!BZ9*12)*100 -> 55.990017 | AN10: ='Raw Data'!CC9/('Raw Data'!CB9*12)*100 -> 82.083333 | AO10: 15.8 | AP10: ='Raw Data'!CD9 -> 0 | AQ10: ='Raw Data'!CE9 -> 0 | AR10: 25 | AS10: 100 | AT10: 0 | AU10: ='Top Ten Disease (OPD)'!HF10 -> 0 | AV10: ='Top Ten Disease (OPD)'!HD10 -> 0 | AW10: ='Raw Data'!CG9 -> 59 | AX10: ='Raw Data'!CO9+'Raw Data'!CP9 -> 0 | AY10: 0 | AZ10: ='Raw Data'!CR9+'Raw Data'!CS9 -> 35529 | BA10: =AZ10/'Target Population'!F10*100 -> 129.32804 | BB10: ='Raw Data'!CS9/'Raw Data'!CR9*100 -> 85.220519 | BC10: 94.4
A11: 10107 | B11: Rural Municipality | C11: Province 1 | D11: Taplejung | E11: Yangwarak Rural Municipality | F11: 86.1 | G11: 88.7 | H11: 79.8 | I11: 80.8 | J11: 73.8 | K11: 72.5 | L11: 93.9 | M11: 75.8 | N11: 10.1 | O11: 67.3 | P11: ='Raw Data'!R10/'Raw Data'!P10*100 -> 95.522388 | Q11: 4.3 | R11: 81.4 | S11: 0 | T11: ='Raw Data'!Z10/'Target Population'!M11*100 -> 93.322204 | U11: ='Raw Data'!AA10/'Target Population'!N11*100 -> 96.08405 | V11: ='Raw Data'!AH10/'Target Population'!L11*100 -> 66.345441 | W11: ='Raw Data'!AI10/'Raw Data'!AH10*100 -> 126.36872 | X11: ='Raw Data'!AN10/'Target Population'!L11*1000 -> 1117.8651 | Y11: ='Raw Data'!AO10/'Target Population'!L11*1000 -> 186.06375 | Z11: ='Raw Data'!AO10/('Raw Data'!AJ10+'Raw Data'!AK10+'Raw Data'!AL10)*100 -> 25.586137 | AA11: =('Raw Data'!AP10+'Raw Data'!AQ10+'Raw Data'!AR10)/'Raw Data'!AO10*100 -> 91.633466 | AB11: 72.1 | AC11: 29.5 | AD11: 34.3 | AE11: 11.9 | AF11: 5.1 | AG11: ='Raw Data'!BC10+'Raw Data'!BD10+'Raw Data'!BE10+'Raw Data'!BF10+'Raw Data'!BG10+'Raw Data'!BH10 -> 1 | AH11: ='Raw Data'!BQ10 -> 5 | AI11: ='Raw Data'!BI10+'Raw Data'!BJ10+'Raw Data'!BK10+'Raw Data'!BL10 -> 0 | AJ11: =('Raw Data'!BR10+'Raw Data'!BS10+'Raw Data'!BT10+'Raw Data'!BU10+'Raw Data'!BV10)/'Target Population'!Q11*100 -> 15.259801 | AK11: =SUM('Raw Data'!BW10:BY10)/'Target Population'!G11*100 -> 0.32051282 | AL11: ='Raw Data'!BZ10 -> 95.25 | AM11: ='Raw Data'!CA10/('Raw Data'!BZ10*12)*100 -> 50.743657 | AN11: ='Raw Data'!CC10/('Raw Data'!CB10*12)*100 -> 98.25784 | AO11: 8.4 | AP11: ='Raw Data'!CD10 -> 0 | AQ11: ='Raw Data'!CE10 -> 0 | AR11: 4 | AT11: 0 | AU11: ='Top Ten Disease (OPD)'!HF11 -> 0 | AV11: ='Top Ten Disease (OPD)'!HD11 -> 0 | AW11: ='Raw Data'!CG10 -> 1 | AX11: ='Raw Data'!CO10+'Raw Data'!CP10 -> 0 | AY11: 0 | AZ11: ='Raw Data'!CR10+'Raw Data'!CS10 -> 10077 | BA11: =AZ11/'Target Population'!F11*100 -> 73.016448 | BB11: ='Raw Data'!CS10/'Raw Data'!CR10*100 -> 83.318174 | BC11: 100
A12: 10108 | B12: Rural Municipality | C12: Province 1 | D12: Taplejung | E12: Sirijanga Rural Municipality | F12: 68 | G12: 71.1 | H12: 70.3 | I12: 75.1 | J12: 75.6 | K12: 60.9 | L12: 76.5 | M12: 66.9 | N12: 1.2 | O12: 52.9 | P12: ='Raw Data'!R11/'Raw Data'!P11*100 -> 84.090909 | Q12: 2.1 | R12: 51.8 | S12: 1.1 | T12: ='Raw Data'!Z11/'Target Population'!M12*100 -> 80.828323 | U12: ='Raw Data'!AA11/'Target Population'!N12*100 -> 80.681818 | V12: ='Raw Data'!AH11/'Target Population'!L12*100 -> 36.401674 | W12: ='Raw Data'!AI11/'Raw Data'!AH11*100 -> 95.238095 | X12: ='Raw Data'!AN11/'Target Population'!L12*1000 -> 1172.1458 | Y12: ='Raw Data'!AO11/'Target Population'!L12*1000 -> 138.67304 | Z12: ='Raw Data'!AO11/('Raw Data'!AJ11+'Raw Data'!AK11+'Raw Data'!AL11)*100 -> 23.991727 | AA12: =('Raw Data'!AP11+'Raw Data'!AQ11+'Raw Data'!AR11)/'Raw Data'!AO11*100 -> 98.275862 | AB12: 58.1 | AC12: 29.9 | AD12: 36.4 | AE12: 7.4 | AF12: 4.7 | AG12: ='Raw Data'!BC11+'Raw Data'!BD11+'Raw Data'!BE11+'Raw Data'!BF11+'Raw Data'!BG11+'Raw Data'!BH11 -> 0 | AH12: ='Raw Data'!BQ11 -> 6 | AI12: ='Raw Data'!BI11+'Raw Data'!BJ11+'Raw Data'!BK11+'Raw Data'!BL11 -> 2 | AJ12: =('Raw Data'!BR11+'Raw Data'!BS11+'Raw Data'!BT11+'Raw Data'!BU11+'Raw Data'!BV11)/'Target Population'!Q12*100 -> 22.187824 | AK12: =SUM('Raw Data'!BW11:BY11)/'Target Population'!G12*100 -> 0 | AL12: ='Raw Data'!BZ11 -> 152.41667 | AM12: ='Raw Data'!CA11/('Raw Data'!BZ11*12)*100 -> 62.219792 | AN12: ='Raw Data'!CC11/('Raw Data'!CB11*12)*100 -> 89.398281 | AO12: 8.4 | AP12: ='Raw Data'!CD11 -> 0 | AQ12: ='Raw Data'!CE11 -> 0 | AR12: 2 | AS12: 0 | AT12: 0 | AU12: ='Top Ten Disease (OPD)'!HF12 -> 0 | AV12: ='Top Ten Disease (OPD)'!HD12 -> 0 | AW12: ='Raw Data'!CG11 -> 0 | AX12: ='Raw Data'!CO11+'Raw Data'!CP11 -> 0 | AY12: 0 | AZ12: ='Raw Data'!CR11+'Raw Data'!CS11 -> 13686 | BA12: =AZ12/'Target Population'!F12*100 -> 84.963993 | BB12: ='Raw Data'!CS11/'Raw Data'!CR11*100 -> 89.11151 | BC12: 97.2
A13: 10109 | B13: Rural Municipality | C13: Province 1 | D13: Taplejung | E13: Sidingba Rural Municipality | F13: 77.3 | G13: 87 | H13: 77.7 | I13: 75.8 | J13: 68.4 | K13: 72.9 | L13: 90.8 | M13: 79.2 | N13: 10.7 | O13: 67.6 | P13: ='Raw Data'!R12/'Raw Data'!P12*100 -> 93.037975 | Q13: 3.6 | R13: 77 | S13: 7.1 | T13: ='Raw Data'!Z12/'Target Population'!M13*100 -> 90.50906 | U13: ='Raw Data'!AA12/'Target Population'!N13*100 -> 90.429688 | V13: ='Raw Data'!AH12/'Target Population'!L13*100 -> 39.907193 | W13: ='Raw Data'!AI12/'Raw Data'!AH12*100 -> 95.930233 | X13: ='Raw Data'!AN12/'Target Population'!L13*1000 -> 843.77417 | Y13: ='Raw Data'!AO12/'Target Population'!L13*1000 -> 117.55607 | Z13: ='Raw Data'!AO12/('Raw Data'!AJ12+'Raw Data'!AK12+'Raw Data'!AL12)*100 -> 20.485175 | AA13: =('Raw Data'!AP12+'Raw Data'!AQ12+'Raw Data'!AR12)/'Raw Data'!AO12*100 -> 109.21053 | AB13: 86.3 | AC13: 24.5 | AD13: 30.9 | AE13: 10.4 | AF13: 7.6 | AG13: ='Raw Data'!BC12+'Raw Data'!BD12+'Raw Data'!BE12+'Raw Data'!BF12+'Raw Data'!BG12+'Raw Data'!BH12 -> 0 | AH13: ='Raw Data'!BQ12 -> 4 | AI13: ='Raw Data'!BI12+'Raw Data'!BJ12+'Raw Data'!BK12+'Raw Data'!BL12 -> 0 | AJ13: =('Raw Data'!BR12+'Raw Data'!BS12+'Raw Data'!BT12+'Raw Data'!BU12+'Raw Data'!BV12)/'Target Population'!Q13*100 -> 25.989622 | AK13: =SUM('Raw Data'!BW12:BY12)/'Target Population'!G13*100 -> 0.35971223 | AL13: ='Raw Data'!BZ12 -> 104.08333 | AM13: ='Raw Data'!CA12/('Raw Data'!BZ12*12)*100 -> 72.858287 | AN13: ='Raw Data'!CC12/('Raw Data'!CB12*12)*100 -> 97.704918 | AO13: 11.4 | AP13: ='Raw Data'!CD12 -> 0 | AQ13: ='Raw Data'!CE12 -> 0 | AR13: 1 | AT13: 0 | AU13: ='Top Ten Disease (OPD)'!HF13 -> 0 | AV13: ='Top Ten Disease (OPD)'!HD13 -> 0 | AW13: ='Raw Data'!CG12 -> 1 | AX13: ='Raw Data'!CO12+'Raw Data'!CP12 -> 0 | AY13: 0 | AZ13: ='Raw Data'!CR12+'Raw Data'!CS12 -> 7997 | BA13: =AZ13/'Target Population'!F13*100 -> 65.053282 | BB13: ='Raw Data'!CS12/'Raw Data'!CR12*100 -> 86.714919 | BC13: 97.6
A14: 102 | B14: District | C14: Province 1 | D14: Sankhuwasabha | E14: SANKHUWASABHA | F14: 86.7 | G14: 89.4 | H14: 86.6 | I14: 85.5 | J14: 89.5 | K14: 79.8 | L14: 100.5 | M14: 85.7 | N14: 3.1 | O14: 65 | P14: ='Raw Data'!R13/'Raw Data'!P13*100 -> 91.614583 | Q14: 6.6 | R14: 61.4 | S14: 1.3 | T14: ='Raw Data'!Z13/'Target Population'!M14*100 -> 85.67158 | U14: ='Raw Data'!AA13/'Target Population'!N14*100 -> 83.335966 | V14: ='Raw Data'!AH13/'Target Population'!L14*100 -> 31.342357 | W14: ='Raw Data'!AI13/'Raw Data'!AH13*100 -> 97.7813 | X14: ='Raw Data'!AN13/'Target Population'!L14*1000 -> 757.35751 | Y14: ='Raw Data'!AO13/'Target Population'!L14*1000 -> 149.38532 | Z14: ='Raw Data'!AO13/('Raw Data'!AJ13+'Raw Data'!AK13+'Raw Data'!AL13)*100 -> 35.330396 | AA14: =('Raw Data'!AP13+'Raw Data'!AQ13+'Raw Data'!AR13)/'Raw Data'!AO13*100 -> 191.77057 | AB14: 70.8 | AC14: 40.1 | AD14: 38.6 | AE14: 53.1 | AF14: 8.8 | AG14: ='Raw Data'!BC13+'Raw Data'!BD13+'Raw Data'!BE13+'Raw Data'!BF13+'Raw Data'!BG13+'Raw Data'!BH13 -> 2 | AH14: ='Raw Data'!BQ13 -> 17 | AI14: ='Raw Data'!BI13+'Raw Data'!BJ13+'Raw Data'!BK13+'Raw Data'!BL13 -> 648 | AJ14: =('Raw Data'!BR13+'Raw Data'!BS13+'Raw Data'!BT13+'Raw Data'!BU13+'Raw Data'!BV13)/'Target Population'!Q14*100 -> 21.006907 | AK14: =SUM('Raw Data'!BW13:BY13)/'Target Population'!G14*100 -> 0.30916245 | AL14: ='Raw Data'!BZ13 -> 316.66667 | AM14: ='Raw Data'!CA13/('Raw Data'!BZ13*12)*100 -> 71.947368 | AN14: ='Raw Data'!CC13/('Raw Data'!CB13*12)*100 -> 84.123026 | AO14: 11.6 | AP14: ='Raw Data'!CD13 -> 73 | AQ14: ='Raw Data'!CE13 -> 2 | AR14: 87 | AS14: 183.3 | AT14: 0 | AU14: ='Top Ten Disease (OPD)'!HF14 -> 0 | AV14: ='Top Ten Disease (OPD)'!HD14 -> 5 | AW14: ='Raw Data'!CG13 -> 9 | AX14: ='Raw Data'!CO13+'Raw Data'!CP13 -> 0 | AY14: 0 | AZ14: ='Raw Data'!CR13+'Raw Data'!CS13 -> 139831 | BA14: =AZ14/'Target Population'!F14*100 -> 89.012738 | BB14: ='Raw Data'!CS13/'Raw Data'!CR13*100 -> 77.739221 | BC14: 99.7
A15: 10201 | B15: Rural Municipality | C15: Province 1 | D15: Sankhuwasabha | E15: Bhotkhola Rural Municipality | F15: 91.5 | G15: 99.3 | H15: 108.5 | I15: 106.3 | J15: 83.1 | K15: 51.2 | L15: 90.1 | M15: 152.1 | N15: -9.2 | O15: 43.5 | P15: ='Raw Data'!R14/'Raw Data'!P14*100 -> 72.826087 | Q15: 0 | R15: 55.6 | S15: 1.8 | T15: ='Raw Data'!Z14/'Target Population'!M15*100 -> 66.567608 | U15: ='Raw Data'!AA14/'Target Population'!N15*100 -> 65.780731 | V15: ='Raw Data'!AH14/'Target Population'!L15*100 -> 35.349462 | W15: ='Raw Data'!AI14/'Raw Data'!AH14*100 -> 95.437262 | X15: ='Raw Data'!AN14/'Target Population'!L15*1000 -> 435.48387 | Y15: ='Raw Data'!AO14/'Target Population'!L15*1000 -> 94.086022 | Z15: ='Raw Data'!AO14/('Raw Data'!AJ14+'Raw Data'!AK14+'Raw Data'!AL14)*100 -> 22.151899 | AA15: =('Raw Data'!AP14+'Raw Data'!AQ14+'Raw Data'!AR14)/'Raw Data'!AO14*100 -> 580 | AB15: 62.6 | AC15: 17 | AD15: 20.4 | AE15: 21.8 | AF15: 13.6 | AG15: ='Raw Data'!BC14+'Raw Data'!BD14+'Raw Data'!BE14+'Raw Data'!BF14+'Raw Data'!BG14+'Raw Data'!BH14 -> 0 | AH15: ='Raw Data'!BQ14 -> 1 | AI15: ='Raw Data'!BI14+'Raw Data'!BJ14+'Raw Data'!BK14+'Raw Data'!BL14 -> 1 | AJ15: =('Raw Data'!BR14+'Raw Data'!BS14+'Raw Data'!BT14+'Raw Data'!BU14+'Raw Data'!BV14)/'Target Population'!Q15*100 -> 21.997375 | AK15: =SUM('Raw Data'!BW14:BY14)/'Target Population'!G15*100 -> 0.68027211 | AL15: ='Raw Data'!BZ14 -> 30.166667 | AM15: ='Raw Data'!CA14/('Raw Data'!BZ14*12)*100 -> 8.2872928 | AN15: ='Raw Data'!CC14/('Raw Data'!CB14*12)*100 -> 48.214286 | AO15: 10.4 | AP15: ='Raw Data'!CD14 -> 0 | AQ15: ='Raw Data'!CE14 -> 0 | AR15: 1 | AT15: 0 | AU15: ='Top Ten Disease (OPD)'!HF15 -> 0 | AV15: ='Top Ten Disease (OPD)'!HD15 -> 0 | AW15: ='Raw Data'!CG14 -> 3 | AX15: ='Raw Data'!CO14+'Raw Data'!CP14 -> 0 | AY15: 0 | AZ15: ='Raw Data'!CR14+'Raw Data'!CS14 -> 6734 | BA15: =AZ15/'Target Population'!F15*100 -> 103.64784 | BB15: ='Raw Data'!CS14/'Raw Data'!CR14*100 -> 80.633047 | BC15: 98.3
A16: 10202 | B16: Rural Municipality | C16: Province 1 | D16: Sankhuwasabha | E16: Makalu Rural Municipality | F16: 88.4 | G16: 104.4 | H16: 88.1 | I16: 87.1 | J16: 101 | K16: 62.9 | L16: 94.6 | M16: 100 | N16: 15.6 | O16: 68.4 | P16: ='Raw Data'!R15/'Raw Data'!P15*100 -> 88.717949 | Q16: 6.6 | R16: 54.1 | S16: 0.9 | T16: ='Raw Data'!Z15/'Target Population'!M16*100 -> 53.528154 | U16: ='Raw Data'!AA15/'Target Population'!N16*100 -> 46.894904 | V16: ='Raw Data'!AH15/'Target Population'!L16*100 -> 39.032258 | W16: ='Raw Data'!AI15/'Raw Data'!AH15*100 -> 87.272727 | X16: ='Raw Data'!AN15/'Target Population'!L16*1000 -> 573.54839 | Y16: ='Raw Data'!AO15/'Target Population'!L16*1000 -> 162.58065 | Z16: ='Raw Data'!AO15/('Raw Data'!AJ15+'Raw Data'!AK15+'Raw Data'!AL15)*100 -> 37.781109 | AA16: =('Raw Data'!AP15+'Raw Data'!AQ15+'Raw Data'!AR15)/'Raw Data'!AO15*100 -> 223.80952 | AB16: 88.2 | AC16: 19.4 | AD16: 35.5 | AE16: 27.3 | AF16: 6.3 | AG16: ='Raw Data'!BC15+'Raw Data'!BD15+'Raw Data'!BE15+'Raw Data'!BF15+'Raw Data'!BG15+'Raw Data'!BH15 -> 1 | AH16: ='Raw Data'!BQ15 -> 2 | AI16: ='Raw Data'!BI15+'Raw Data'!BJ15+'Raw Data'!BK15+'Raw Data'!BL15 -> 2 | AJ16: =('Raw Data'!BR15+'Raw Data'!BS15+'Raw Data'!BT15+'Raw Data'!BU15+'Raw Data'!BV15)/'Target Population'!Q16*100 -> 33.24295 | AK16: =SUM('Raw Data'!BW15:BY15)/'Target Population'!G16*100 -> 0 | AL16: ='Raw Data'!BZ15 -> 41.5 | AM16: ='Raw Data'!CA15/('Raw Data'!BZ15*12)*100 -> 67.46988 | AN16: ='Raw Data'!CC15/('Raw Data'!CB15*12)*100 -> 77.325581 | AO16: 5.8 | AP16: ='Raw Data'!CD15 -> 0 | AQ16: ='Raw Data'!CE15 -> 0 | AR16: 5 | AT16: 0 | AU16: ='Top Ten Disease (OPD)'!HF16 -> 0 | AV16: ='Top Ten Disease (OPD)'!HD16 -> 0 | AW16: ='Raw Data'!CG15 -> 1 | AX16: ='Raw Data'!CO15+'Raw Data'!CP15 -> 0 | AY16: 0 | AZ16: ='Raw Data'!CR15+'Raw Data'!CS15 -> 14362 | BA16: =AZ16/'Target Population'!F16*100 -> 106.93173 | BB16: ='Raw Data'!CS15/'Raw Data'!CR15*100 -> 102.50987 | BC16: 97.9
A17: 10203 | B17: Rural Municipality | C17: Province 1 | D17: Sankhuwasabha | E17: Silichong Rural Municipality | F17: 63.3 | G17: 63.7 | H17: 66.8 | I17: 69.5 | J17: 64.8 | K17: 58.4 | L17: 77.4 | M17: 66.4 | N17: -4.9 | O17: 41.5 | P17: ='Raw Data'!R16/'Raw Data'!P16*100 -> 94.472362 | Q17: 0 | R17: 73.1 | S17: 0 | T17: ='Raw Data'!Z16/'Target Population'!M17*100 -> 70.74517 | U17: ='Raw Data'!AA16/'Target Population'!N17*100 -> 62.148071 | V17: ='Raw Data'!AH16/'Target Population'!L17*100 -> 42.962963 | W17: ='Raw Data'!AI16/'Raw Data'!AH16*100 -> 90.613027 | X17: ='Raw Data'!AN16/'Target Population'!L17*1000 -> 800.82305 | Y17: ='Raw Data'!AO16/'Target Population'!L17*1000 -> 48.559671 | Z17: ='Raw Data'!AO16/('Raw Data'!AJ16+'Raw Data'!AK16+'Raw Data'!AL16)*100 -> 13.258427 | AA17: =('Raw Data'!AP16+'Raw Data'!AQ16+'Raw Data'!AR16)/'Raw Data'!AO16*100 -> 642.37288 | AB17: 49.1 | AC17: 20 | AD17: 19.6 | AE17: 15.1 | AF17: 1.1 | AG17: ='Raw Data'!BC16+'Raw Data'!BD16+'Raw Data'!BE16+'Raw Data'!BF16+'Raw Data'!BG16+'Raw Data'!BH16 -> 1 | AH17: ='Raw Data'!BQ16 -> 1 | AI17: ='Raw Data'!BI16+'Raw Data'!BJ16+'Raw Data'!BK16+'Raw Data'!BL16 -> 0 | AJ17: =('Raw Data'!BR16+'Raw Data'!BS16+'Raw Data'!BT16+'Raw Data'!BU16+'Raw Data'!BV16)/'Target Population'!Q17*100 -> 23.841899 | AK17: =SUM('Raw Data'!BW16:BY16)/'Target Population'!G17*100 -> 0 | AL17: ='Raw Data'!BZ16 -> 36.833333 | AM17: ='Raw Data'!CA16/('Raw Data'!BZ16*12)*100 -> 63.800905 | AN17: ='Raw Data'!CC16/('Raw Data'!CB16*12)*100 -> 90.47619 | AO17: 10.2 | AP17: ='Raw Data'!CD16 -> 0 | AQ17: ='Raw Data'!CE16 -> 0 | AR17: 1 | AT17: 0 | AU17: ='Top Ten Disease (OPD)'!HF17 -> 0 | AV17: ='Top Ten Disease (OPD)'!HD17 -> 0 | AW17: ='Raw Data'!CG16 -> 0 | AX17: ='Raw Data'!CO16+'Raw Data'!CP16 -> 0 | AY17: 0 | AZ17: ='Raw Data'!CR16+'Raw Data'!CS16 -> 9191 | BA17: =AZ17/'Target Population'!F17*100 -> 78.676596 | BB17: ='Raw Data'!CS16/'Raw Data'!CR16*100 -> 74.601064 | BC17: 116.7
A18: 10204 | B18: Rural Municipality | C18: Province 1 | D18: Sankhuwasabha | E18: Chichila Rural Municipality | F18: 69.7 | G18: 67.7 | H18: 71 | I18: 71 | J18: 61.9 | K18: 72.9 | L18: 79.2 | M18: 65.8 | N18: -4.8 | O18: 58.1 | P18: ='Raw Data'!R17/'Raw Data'!P17*100 -> 94.202899 | Q18: 26.3 | R18: 74.6 | S18: 0.4 | T18: ='Raw Data'!Z17/'Target Population'!M18*100 -> 103.47682 | U18: ='Raw Data'!AA17/'Target Population'!N18*100 -> 56.844106 | V18: ='Raw Data'!AH17/'Target Population'!L18*100 -> 33.480176 | W18: ='Raw Data'!AI17/'Raw Data'!AH17*100 -> 98.245614 | X18: ='Raw Data'!AN17/'Target Population'!L18*1000 -> 944.19971 | Y18: ='Raw Data'!AO17/'Target Population'!L18*1000 -> 367.1072 | Z18: ='Raw Data'!AO17/('Raw Data'!AJ17+'Raw Data'!AK17+'Raw Data'!AL17)*100 -> 52.966102 | AA18: =('Raw Data'!AP17+'Raw Data'!AQ17+'Raw Data'!AR17)/'Raw Data'!AO17*100 -> 158 | AB18: 70.6 | AC18: 21.3 | AD18: 24.4 | AE18: 11.3 | AF18: 8.1 | AG18: ='Raw Data'!BC17+'Raw Data'!BD17+'Raw Data'!BE17+'Raw Data'!BF17+'Raw Data'!BG17+'Raw Data'!BH17 -> 0 | AH18: ='Raw Data'!BQ17 -> 2 | AI18: ='Raw Data'!BI17+'Raw Data'!BJ17+'Raw Data'!BK17+'Raw Data'!BL17 -> 0 | AJ18: =('Raw Data'!BR17+'Raw Data'!BS17+'Raw Data'!BT17+'Raw Data'!BU17+'Raw Data'!BV17)/'Target Population'!Q18*100 -> 23.988019 | AK18: =SUM('Raw Data'!BW17:BY17)/'Target Population'!G18*100 -> 0 | AL18: ='Raw Data'!BZ17 -> 16.5 | AM18: ='Raw Data'!CA17/('Raw Data'!BZ17*12)*100 -> 91.919192 | AN18: ='Raw Data'!CC17/('Raw Data'!CB17*12)*100 -> 75 | AO18: 9.3 | AP18: ='Raw Data'!CD17 -> 0 | AQ18: ='Raw Data'!CE17 -> 0 | AR18: 2 | AT18: 0 | AU18: ='Top Ten Disease (OPD)'!HF18 -> 0 | AV18: ='Top Ten Disease (OPD)'!HD18 -> 0 | AW18: ='Raw Data'!CG17 -> 0 | AX18: ='Raw Data'!CO17+'Raw Data'!CP17 -> 0 | AY18: 0 | AZ18: ='Raw Data'!CR17+'Raw Data'!CS17 -> 3720 | BA18: =AZ18/'Target Population'!F18*100 -> 52.698683 | BB18: ='Raw Data'!CS17/'Raw Data'!CR17*100 -> 83.431953 | BC18: 95.8
A19: 10205 | B19: Rural Municipality | C19: Province 1 | D19: Sankhuwasabha | E19: Sabhapokhari Rural Municipality | F19: 76.4 | G19: 77.3 | H19: 80.9 | I19: 81.3 | J19: 92.9 | K19: 84.3 | L19: 129.9 | M19: 58.2 | N19: -4.6 | O19: 47 | P19: ='Raw Data'!R18/'Raw Data'!P18*100 -> 96.09375 | Q19: 0 | R19: 53.6 | S19: 8 | T19: ='Raw Data'!Z18/'Target Population'!M19*100 -> 70.901194 | U19: ='Raw Data'!AA18/'Target Population'!N19*100 -> 68.935644 | V19: ='Raw Data'!AH18/'Target Population'!L19*100 -> 35.914811 | W19: ='Raw Data'!AI18/'Raw Data'!AH18*100 -> 96.495957 | X19: ='Raw Data'!AN18/'Target Population'!L19*1000 -> 908.03485 | Y19: ='Raw Data'!AO18/'Target Population'!L19*1000 -> 152.95257 | Z19: ='Raw Data'!AO18/('Raw Data'!AJ18+'Raw Data'!AK18+'Raw Data'!AL18)*100 -> 29.755179 | AA19: =('Raw Data'!AP18+'Raw Data'!AQ18+'Raw Data'!AR18)/'Raw Data'!AO18*100 -> 200.63291 | AB19: 87.9 | AC19: 20.3 | AD19: 25 | AE19: 22.8 | AF19: 3.4 | AG19: ='Raw Data'!BC18+'Raw Data'!BD18+'Raw Data'!BE18+'Raw Data'!BF18+'Raw Data'!BG18+'Raw Data'!BH18 -> 0 | AH19: ='Raw Data'!BQ18 -> 1 | AI19: ='Raw Data'!BI18+'Raw Data'!BJ18+'Raw Data'!BK18+'Raw Data'!BL18 -> 1 | AJ19: =('Raw Data'!BR18+'Raw Data'!BS18+'Raw Data'!BT18+'Raw Data'!BU18+'Raw Data'!BV18)/'Target Population'!Q19*100 -> 18.821413 | AK19: =SUM('Raw Data'!BW18:BY18)/'Target Population'!G19*100 -> 0 | AL19: ='Raw Data'!BZ18 -> 26.25 | AM19: ='Raw Data'!CA18/('Raw Data'!BZ18*12)*100 -> 75.555556 | AN19: ='Raw Data'!CC18/('Raw Data'!CB18*12)*100 -> 87.5 | AO19: 15.2 | AP19: ='Raw Data'!CD18 -> 0 | AQ19: ='Raw Data'!CE18 -> 0 | AR19: 2 | AT19: 0 | AU19: ='Top Ten Disease (OPD)'!HF19 -> 0 | AV19: ='Top Ten Disease (OPD)'!HD19 -> 0 | AW19: ='Raw Data'!CG18 -> 0 | AX19: ='Raw Data'!CO18+'Raw Data'!CP18 -> 0 | AY19: 0 | AZ19: ='Raw Data'!CR18+'Raw Data'!CS18 -> 5262 | BA19: =AZ19/'Target Population'!F19*100 -> 51.281552 | BB19: ='Raw Data'!CS18/'Raw Data'!CR18*100 -> 77.650236 | BC19: 97.2
A20: 10206 | B20: Municipality | C20: Province 1 | D20: Sankhuwasabha | E20: Khandabari Municipality | F20: 107.1 | G20: 101.2 | H20: 100.6 | I20: 99.9 | J20: 105.1 | K20: 112.1 | L20: 125.8 | M20: 65.8 | N20: 0.57 | O20: 89.1 | P20: ='Raw Data'!R19/'Raw Data'!P19*100 -> 100 | Q20: 6.5 | R20: 78.8 | S20: 1 | T20: ='Raw Data'!Z19/'Target Population'!M20*100 -> 140.89669 | U20: ='Raw Data'!AA19/'Target Population'!N20*100 -> 147.276 | V20: ='Raw Data'!AH19/'Target Population'!L20*100 -> 23.23267 | W20: ='Raw Data'!AI19/'Raw Data'!AH19*100 -> 112.25997 | X20: ='Raw Data'!AN19/'Target Population'!L20*1000 -> 394.9897 | Y20: ='Raw Data'!AO19/'Target Population'!L20*1000 -> 43.582704 | Z20: ='Raw Data'!AO19/('Raw Data'!AJ19+'Raw Data'!AK19+'Raw Data'!AL19)*100 -> 21.672355 | AA20: =('Raw Data'!AP19+'Raw Data'!AQ19+'Raw Data'!AR19)/'Raw Data'!AO19*100 -> 307.87402 | AB20: 49 | AC20: 67 | AD20: 58.2 | AE20: 150.1 | AF20: 10.1 | AG20: ='Raw Data'!BC19+'Raw Data'!BD19+'Raw Data'!BE19+'Raw Data'!BF19+'Raw Data'!BG19+'Raw Data'!BH19 -> 0 | AH20: ='Raw Data'!BQ19 -> 1 | AI20: ='Raw Data'!BI19+'Raw Data'!BJ19+'Raw Data'!BK19+'Raw Data'!BL19 -> 561 | AJ20: =('Raw Data'!BR19+'Raw Data'!BS19+'Raw Data'!BT19+'Raw Data'!BU19+'Raw Data'!BV19)/'Target Population'!Q20*100 -> 27.839706 | AK20: =SUM('Raw Data'!BW19:BY19)/'Target Population'!G20*100 -> 0 | AL20: ='Raw Data'!BZ19 -> 36 | AM20: ='Raw Data'!CA19/('Raw Data'!BZ19*12)*100 -> 84.259259 | AN20: ='Raw Data'!CC19/('Raw Data'!CB19*12)*100 -> 90.967742 | AO20: 11.8 | AP20: ='Raw Data'!CD19 -> 47 | AQ20: ='Raw Data'!CE19 -> 2 | AR20: 29 | AS20: 150 | AT20: 0 | AU20: ='Top Ten Disease (OPD)'!HF20 -> 0 | AV20: ='Top Ten Disease (OPD)'!HD20 -> 0 | AW20: ='Raw Data'!CG19 -> 2 | AX20: ='Raw Data'!CO19+'Raw Data'!CP19 -> 0 | AY20: 0 | AZ20: ='Raw Data'!CR19+'Raw Data'!CS19 -> 47628 | BA20: =AZ20/'Target Population'!F20*100 -> 150.95081 | BB20: ='Raw Data'!CS19/'Raw Data'!CR19*100 -> 71.096023 | BC20: 96.4
A21: 10207 | B21: Municipality | C21: Province 1 | D21: Sankhuwasabha | E21: Panchakhapan Municipality | F21: 87.3 | G21: 91.8 | H21: 93.1 | I21: 89.9 | J21: 97.3 | K21: 71 | L21: 87.8 | M21: 113.8 | N21: -1.4 | O21: 71.5 | P21: ='Raw Data'!R20/'Raw Data'!P20*100 -> 93.181818 | Q21: 6.9 | R21: 60.5 | S21: 0.6 | T21: ='Raw Data'!Z20/'Target Population'!M21*100 -> 49.306358 | U21: ='Raw Data'!AA20/'Target Population'!N21*100 -> 47.761194 | V21: ='Raw Data'!AH20/'Target Population'!L21*100 -> 22.78415 | W21: ='Raw Data'!AI20/'Raw Data'!AH20*100 -> 100 | X21: ='Raw Data'!AN20/'Target Population'!L21*1000 -> 1010.4275 | Y21: ='Raw Data'!AO20/'Target Population'!L21*1000 -> 237.74765 | Z21: ='Raw Data'!AO20/('Raw Data'!AJ20+'Raw Data'!AK20+'Raw Data'!AL20)*100 -> 43.636364 | AA21: =('Raw Data'!AP20+'Raw Data'!AQ20+'Raw Data'!AR20)/'Raw Data'!AO20*100 -> 159.42982 | AB21: 83.6 | AC21: 45.6 | AD21: 31 | AE21: 29.5 | AF21: 12.3 | AG21: ='Raw Data'!BC20+'Raw Data'!BD20+'Raw Data'!BE20+'Raw Data'!BF20+'Raw Data'!BG20+'Raw Data'!BH20 -> 0 | AH21: ='Raw Data'!BQ20 -> 3 | AI21: ='Raw Data'!BI20+'Raw Data'!BJ20+'Raw Data'!BK20+'Raw Data'!BL20 -> 23 | AJ21: =('Raw Data'!BR20+'Raw Data'!BS20+'Raw Data'!BT20+'Raw Data'!BU20+'Raw Data'!BV20)/'Target Population'!Q21*100 -> 17.160826 | AK21: =SUM('Raw Data'!BW20:BY20)/'Target Population'!G21*100 -> 2.5641026 | AL21: ='Raw Data'!BZ20 -> 26.333333 | AM21: ='Raw Data'!CA20/('Raw Data'!BZ20*12)*100 -> 87.341772 | AN21: ='Raw Data'!CC20/('Raw Data'!CB20*12)*100 -> 88.541667 | AO21: 12.8 | AP21: ='Raw Data'!CD20 -> 0 | AQ21: ='Raw Data'!CE20 -> 0 | AR21: 1 | AT21: 0 | AU21: ='Top Ten Disease (OPD)'!HF21 -> 0 | AV21: ='Top Ten Disease (OPD)'!HD21 -> 5 | AW21: ='Raw Data'!CG20 -> 0 | AX21: ='Raw Data'!CO20+'Raw Data'!CP20 -> 0 | AY21: 0 | AZ21: ='Raw Data'!CR20+'Raw Data'!CS20 -> 15672 | BA21: =AZ21/'Target Population'!F21*100 -> 91.036886 | BB21: ='Raw Data'!CS20/'Raw Data'!CR20*100 -> 75.852783 | BC21: 100
A22: 10208 | B22: Municipality | C22: Province 1 | D22: Sankhuwasabha | E22: Chainapur Municipality | F22: 89.6 | G22: 94 | H22: 83.4 | I22: 83.1 | J22: 86.7 | K22: 75.3 | L22: 95.9 | M22: 82.4 | N22: 11.3 | O22: 59.2 | P22: ='Raw Data'!R21/'Raw Data'!P21*100 -> 81.933842 | Q22: 5.9 | R22: 40.2 | S22: 1.9 | T22: ='Raw Data'!Z21/'Target Population'!M22*100 -> 73.298639 | U22: ='Raw Data'!AA21/'Target Population'!N22*100 -> 73.863636 | V22: ='Raw Data'!AH21/'Target Population'!L22*100 -> 28.969957 | W22: ='Raw Data'!AI21/'Raw Data'!AH21*100 -> 106.79012 | X22: ='Raw Data'!AN21/'Target Population'!L22*1000 -> 593.70529 | Y22: ='Raw Data'!AO21/'Target Population'!L22*1000 -> 130.54363 | Z22: ='Raw Data'!AO21/('Raw Data'!AJ21+'Raw Data'!AK21+'Raw Data'!AL21)*100 -> 32.329495 | AA22: =('Raw Data'!AP21+'Raw Data'!AQ21+'Raw Data'!AR21)/'Raw Data'!AO21*100 -> 140 | AB22: 82.6 | AC22: 47.3 | AD22: 45.7 | AE22: 43.7 | AF22: 11.2 | AG22: ='Raw Data'!BC21+'Raw Data'!BD21+'Raw Data'!BE21+'Raw Data'!BF21+'Raw Data'!BG21+'Raw Data'!BH21 -> 0 | AH22: ='Raw Data'!BQ21 -> 2 | AI22: ='Raw Data'!BI21+'Raw Data'!BJ21+'Raw Data'!BK21+'Raw Data'!BL21 -> 52 | AJ22: =('Raw Data'!BR21+'Raw Data'!BS21+'Raw Data'!BT21+'Raw Data'!BU21+'Raw Data'!BV21)/'Target Population'!Q22*100 -> 17.04887 | AK22: =SUM('Raw Data'!BW21:BY21)/'Target Population'!G22*100 -> 0 | AL22: ='Raw Data'!BZ21 -> 50.583333 | AM22: ='Raw Data'!CA21/('Raw Data'!BZ21*12)*100 -> 76.60626 | AN22: ='Raw Data'!CC21/('Raw Data'!CB21*12)*100 -> 91.194969 | AO22: 9.8 | AP22: ='Raw Data'!CD21 -> 26 | AQ22: ='Raw Data'!CE21 -> 0 | AR22: 40 | AS22: 50 | AT22: 0 | AU22: ='Top Ten Disease (OPD)'!HF22 -> 0 | AV22: ='Top Ten Disease (OPD)'!HD22 -> 0 | AW22: ='Raw Data'!CG21 -> 0 | AX22: ='Raw Data'!CO21+'Raw Data'!CP21 -> 0 | AY22: 0 | AZ22: ='Raw Data'!CR21+'Raw Data'!CS21 -> 16382 | BA22: =AZ22/'Target Population'!F22*100 -> 60.285567 | BB22: ='Raw Data'!CS21/'Raw Data'!CR21*100 -> 77.026151 | BC22: 99.1
A23: 10209 | B23: Municipality | C23: Province 1 | D23: Sankhuwasabha | E23: Madi Municipality | F23: 81.8 | G23: 85.9 | H23: 83.1 | I23: 80.2 | J23: 87.5 | K23: 86.7 | L23: 101.3 | M23: 88.2 | N23: 3.3 | O23: 74.1 | P23: ='Raw Data'!R22/'Raw Data'!P22*100 -> 93.902439 | Q23: 11.3 | R23: 77.9 | S23: 0.8 | T23: ='Raw Data'!Z22/'Target Population'!M23*100 -> 100.54688 | U23: ='Raw Data'!AA22/'Target Population'!N23*100 -> 102.93856 | V23: ='Raw Data'!AH22/'Target Population'!L23*100 -> 33.147632 | W23: ='Raw Data'!AI22/'Raw Data'!AH22*100 -> 104.83193 | X23: ='Raw Data'!AN22/'Target Population'!L23*1000 -> 1100.2786 | Y23: ='Raw Data'!AO22/'Target Population'!L23*1000 -> 85.654596 | Z23: ='Raw Data'!AO22/('Raw Data'!AJ22+'Raw Data'!AK22+'Raw Data'!AL22)*100 -> 21.206897 | AA23: =('Raw Data'!AP22+'Raw Data'!AQ22+'Raw Data'!AR22)/'Raw Data'!AO22*100 -> 185.36585 | AB23: 86.7 | AC23: 36.7 | AD23: 41 | AE23: 28.4 | AF23: 0.62 | AG23: ='Raw Data'!BC22+'Raw Data'!BD22+'Raw Data'!BE22+'Raw Data'!BF22+'Raw Data'!BG22+'Raw Data'!BH22 -> 0 | AH23: ='Raw Data'!BQ22 -> 0 | AI23: ='Raw Data'!BI22+'Raw Data'!BJ22+'Raw Data'!BK22+'Raw Data'!BL22 -> 0 | AJ23: =('Raw Data'!BR22+'Raw Data'!BS22+'Raw Data'!BT22+'Raw Data'!BU22+'Raw Data'!BV22)/'Target Population'!Q23*100 -> 13.663298 | AK23: =SUM('Raw Data'!BW22:BY22)/'Target Population'!G23*100 -> 0 | AL23: ='Raw Data'!BZ22 -> 27 | AM23: ='Raw Data'!CA22/('Raw Data'!BZ22*12)*100 -> 87.654321 | AN23: ='Raw Data'!CC22/('Raw Data'!CB22*12)*100 -> 92.682927 | AO23: 18.5 | AP23: ='Raw Data'!CD22 -> 0 | AQ23: ='Raw Data'!CE22 -> 0 | AR23: 5 | AT23: 0 | AU23: ='Top Ten Disease (OPD)'!HF23 -> 0 | AV23: ='Top Ten Disease (OPD)'!HD23 -> 0 | AW23: ='Raw Data'!CG22 -> 3 | AX23: ='Raw Data'!CO22+'Raw Data'!CP22 -> 0 | AY23: 0 | AZ23: ='Raw Data'!CR22+'Raw Data'!CS22 -> 8928 | BA23: =AZ23/'Target Population'!F23*100 -> 62.486002 | BB23: ='Raw Data'!CS22/'Raw Data'!CR22*100 -> 87.641866 | BC23: 97.9
A24: 10210 | B24: Municipality | C24: Province 1 | D24: Sankhuwasabha | E24: Dharmadevi Municipality | F24: 74.6 | G24: 79.4 | H24: 76.6 | I24: 73.5 | J24: 78.9 | K24: 83 | L24: 98.9 | M24: 98 | N24: 3.5 | O24: 51.5 | P24: ='Raw Data'!R23/'Raw Data'!P23*100 -> 100 | Q24: 8.7 | R24: 52.6 | S24: 0.2 | T24: ='Raw Data'!Z23/'Target Population'!M24*100 -> 91.928527 | U24: ='Raw Data'!AA23/'Target Population'!N24*100 -> 93.057504 | V24: ='Raw Data'!AH23/'Target Population'!L24*100 -> 36.228697 | W24: ='Raw Data'!AI23/'Raw Data'!AH23*100 -> 82.094082 | X24: ='Raw Data'!AN23/'Target Population'!L24*1000 -> 1155.58 | Y24: ='Raw Data'!AO23/'Target Population'!L24*1000 -> 300.16493 | Z24: ='Raw Data'!AO23/('Raw Data'!AJ23+'Raw Data'!AK23+'Raw Data'!AL23)*100 -> 52.550529 | AA24: =('Raw Data'!AP23+'Raw Data'!AQ23+'Raw Data'!AR23)/'Raw Data'!AO23*100 -> 127.47253 | AB24: 60.6 | AC24: 35 | AD24: 33 | AE24: 28.3 | AF24: 14.8 | AG24: ='Raw Data'!BC23+'Raw Data'!BD23+'Raw Data'!BE23+'Raw Data'!BF23+'Raw Data'!BG23+'Raw Data'!BH23 -> 0 | AH24: ='Raw Data'!BQ23 -> 4 | AI24: ='Raw Data'!BI23+'Raw Data'!BJ23+'Raw Data'!BK23+'Raw Data'!BL23 -> 8 | AJ24: =('Raw Data'!BR23+'Raw Data'!BS23+'Raw Data'!BT23+'Raw Data'!BU23+'Raw Data'!BV23)/'Target Population'!Q24*100 -> 14.772583 | AK24: =SUM('Raw Data'!BW23:BY23)/'Target Population'!G24*100 -> 0 | AL24: ='Raw Data'!BZ23 -> 25.5 | AM24: ='Raw Data'!CA23/('Raw Data'!BZ23*12)*100 -> 90.522876 | AN24: ='Raw Data'!CC23/('Raw Data'!CB23*12)*100 -> 100 | AO24: 19.5 | AP24: ='Raw Data'!CD23 -> 0 | AQ24: ='Raw Data'!CE23 -> 0 | AR24: 1 | AT24: 0 | AU24: ='Top Ten Disease (OPD)'!HF24 -> 0 | AV24: ='Top Ten Disease (OPD)'!HD24 -> 0 | AW24: ='Raw Data'!CG23 -> 0 | AX24: ='Raw Data'!CO23+'Raw Data'!CP23 -> 0 | AY24: 0 | AZ24: ='Raw Data'!CR23+'Raw Data'!CS23 -> 11952 | BA24: =AZ24/'Target Population'!F24*100 -> 66.651796 | BB24: ='Raw Data'!CS23/'Raw Data'!CR23*100 -> 74.813515 | BC24: 100
A25: 103 | B25: District | C25: Province 1 | D25: Solukhumbu | E25: SOLUKHUMBU | F25: 66.1 | G25: 70.5 | H25: 66.4 | I25: 66.3 | J25: 61.2 | K25: 52.9 | L25: 58.5 | M25: 48.3 | N25: 5.9 | O25: 55.3 | P25: ='Raw Data'!R24/'Raw Data'!P24*100 -> 83.855981 | Q25: 4.3 | R25: 81.5 | S25: 3.1 | T25: ='Raw Data'!Z24/'Target Population'!M25*100 -> 76.376796 | U25: ='Raw Data'!AA24/'Target Population'!N25*100 -> 78.601946 | V25: ='Raw Data'!AH24/'Target Population'!L25*100 -> 47.372873 | W25: ='Raw Data'!AI24/'Raw Data'!AH24*100 -> 78.154762 | X25: ='Raw Data'!AN24/'Target Population'!L25*1000 -> 1031.8639 | Y25: ='Raw Data'!AO24/'Target Population'!L25*1000 -> 126.04568 | Z25: ='Raw Data'!AO24/('Raw Data'!AJ24+'Raw Data'!AK24+'Raw Data'!AL24)*100 -> 19.403849 | AA25: =('Raw Data'!AP24+'Raw Data'!AQ24+'Raw Data'!AR24)/'Raw Data'!AO24*100 -> 253.54213 | AB25: 96.5 | AC25: 31.5 | AD25: 44.5 | AE25: 28.9 | AF25: 14.3 | AG25: ='Raw Data'!BC24+'Raw Data'!BD24+'Raw Data'!BE24+'Raw Data'!BF24+'Raw Data'!BG24+'Raw Data'!BH24 -> 0 | AH25: ='Raw Data'!BQ24 -> 12 | AI25: ='Raw Data'!BI24+'Raw Data'!BJ24+'Raw Data'!BK24+'Raw Data'!BL24 -> 230 | AJ25: =('Raw Data'!BR24+'Raw Data'!BS24+'Raw Data'!BT24+'Raw Data'!BU24+'Raw Data'!BV24)/'Target Population'!Q25*100 -> 16.431395 | AK25: =SUM('Raw Data'!BW24:BY24)/'Target Population'!G25*100 -> 0 | AL25: ='Raw Data'!BZ24 -> 244.5 | AM25: ='Raw Data'!CA24/('Raw Data'!BZ24*12)*100 -> 81.833674 | AN25: ='Raw Data'!CC24/('Raw Data'!CB24*12)*100 -> 80.946292 | AO25: 12.3 | AP25: ='Raw Data'!CD24 -> 0 | AQ25: ='Raw Data'!CE24 -> 0 | AR25: 28 | AS25: 100 | AT25: 0 | AU25: ='Top Ten Disease (OPD)'!HF25 -> 0 | AV25: ='Top Ten Disease (OPD)'!HD25 -> 0 | AW25: ='Raw Data'!CG24 -> 15 | AX25: ='Raw Data'!CO24+'Raw Data'!CP24 -> 0 | AY25: 0 | AZ25: ='Raw Data'!CR24+'Raw Data'!CS24 -> 83807 | BA25: =AZ25/'Target Population'!F25*100 -> 80.898692 | BB25: ='Raw Data'!CS24/'Raw Data'!CR24*100 -> 73.108463 | BC25: 66
A26: 10301 | B26: Rural Municipality | C26: Province 1 | D26: Solukhumbu | E26: Khumbu Pasanglhamu Rural Municipality | F26: 61 | G26: 63 | H26: 51.5 | I26: 51.5 | J26: 39 | K26: 46 | L26: 53.3 | M26: 47 | N26: 18.3 | O26: 38.8 | P26: ='Raw Data'!R25/'Raw Data'!P25*100 -> 92.307692 | Q26: 9.1 | R26: 46.6 | S26: 0 | T26: ='Raw Data'!Z25/'Target Population'!M26*100 -> 63.914373 | U26: ='Raw Data'!AA25/'Target Population'!N26*100 -> 67.870036 | V26: ='Raw Data'!AH25/'Target Population'!L26*100 -> 24.933687 | W26: ='Raw Data'!AI25/'Raw Data'!AH25*100 -> 88.297872 | X26: ='Raw Data'!AN25/'Target Population'!L26*1000 -> 648.54111 | Y26: ='Raw Data'!AO25/'Target Population'!L26*1000 -> 79.575597 | Z26: ='Raw Data'!AO25/('Raw Data'!AJ25+'Raw Data'!AK25+'Raw Data'!AL25)*100 -> 20.20202 | AA26: =('Raw Data'!AP25+'Raw Data'!AQ25+'Raw Data'!AR25)/'Raw Data'!AO25*100 -> 220 | AB26: 95.6 | AC26: 36.4 | AD26: 13.6 | AE26: 21.4 | AF26: 8.3 | AG26: ='Raw Data'!BC25+'Raw Data'!BD25+'Raw Data'!BE25+'Raw Data'!BF25+'Raw Data'!BG25+'Raw Data'!BH25 -> 0 | AH26: ='Raw Data'!BQ25 -> 1 | AI26: ='Raw Data'!BI25+'Raw Data'!BJ25+'Raw Data'!BK25+'Raw Data'!BL25 -> 0 | AJ26: =('Raw Data'!BR25+'Raw Data'!BS25+'Raw Data'!BT25+'Raw Data'!BU25+'Raw Data'!BV25)/'Target Population'!Q26*100 -> 8.1337619 | AK26: =SUM('Raw Data'!BW25:BY25)/'Target Population'!G26*100 -> 0 | AL26: ='Raw Data'!BZ25 -> 13.909091 | AM26: ='Raw Data'!CA25/('Raw Data'!BZ25*12)*100 -> 65.305011 | AN26: ='Raw Data'!CC25/('Raw Data'!CB25*12)*100 -> 78.08642 | AO26: 11 | AP26: ='Raw Data'!CD25 -> 0 | AQ26: ='Raw Data'!CE25 -> 0 | AR26: 8 | AT26: 0 | AU26: ='Top Ten Disease (OPD)'!HF26 -> 0 | AV26: ='Top Ten Disease (OPD)'!HD26 -> 0 | AW26: ='Raw Data'!CG25 -> 2 | AX26: ='Raw Data'!CO25+'Raw Data'!CP25 -> 0 | AY26: 0 | AZ26: ='Raw Data'!CR25+'Raw Data'!CS25 -> 6952 | BA26: =AZ26/'Target Population'!F26*100 -> 74.440518 | BB26: ='Raw Data'!CS25/'Raw Data'!CR25*100 -> 82.80305 | BC26: 33.3
A27: 10302 | B27: Rural Municipality | C27: Province 1 | D27: Solukhumbu | E27: Mahakulung Rural Municipality | F27: 67.6 | G27: 60.5 | H27: 68.1 | I27: 68.1 | J27: 67.2 | K27: 43.9 | L27: 47.6 | M27: 62.6 | N27: -12.5 | O27: 61.4 | P27: ='Raw Data'!R26/'Raw Data'!P26*100 -> 34.833333 | Q27: 3.3 | R27: 53.3 | S27: 1 | T27: ='Raw Data'!Z26/'Target Population'!M27*100 -> 84.867503 | U27: ='Raw Data'!AA26/'Target Population'!N27*100 -> 86.387833 | V27: ='Raw Data'!AH26/'Target Population'!L27*100 -> 71.732131 | W27: ='Raw Data'!AI26/'Raw Data'!AH26*100 -> 75.852783 | X27: ='Raw Data'!AN26/'Target Population'!L27*1000 -> 989.69736 | Y27: ='Raw Data'!AO26/'Target Population'!L27*1000 -> 84.99678 | Z27: ='Raw Data'!AO26/('Raw Data'!AJ26+'Raw Data'!AK26+'Raw Data'!AL26)*100 -> 20.528771 | AA27: =('Raw Data'!AP26+'Raw Data'!AQ26+'Raw Data'!AR26)/'Raw Data'!AO26*100 -> 334.09091 | AB27: 69.1 | AC27: 25.6 | AD27: 59.3 | AE27: 8.9 | AF27: 9.8 | AG27: ='Raw Data'!BC26+'Raw Data'!BD26+'Raw Data'!BE26+'Raw Data'!BF26+'Raw Data'!BG26+'Raw Data'!BH26 -> 0 | AH27: ='Raw Data'!BQ26 -> 1 | AI27: ='Raw Data'!BI26+'Raw Data'!BJ26+'Raw Data'!BK26+'Raw Data'!BL26 -> 0 | AJ27: =('Raw Data'!BR26+'Raw Data'!BS26+'Raw Data'!BT26+'Raw Data'!BU26+'Raw Data'!BV26)/'Target Population'!Q27*100 -> 2.3427961 | AK27: =SUM('Raw Data'!BW26:BY26)/'Target Population'!G27*100 -> 0 | AL27: ='Raw Data'!BZ26 -> 23 | AM27: ='Raw Data'!CA26/('Raw Data'!BZ26*12)*100 -> 78.985507 | AN27: ='Raw Data'!CC26/('Raw Data'!CB26*12)*100 -> 41.569767 | AO27: 19.4 | AP27: ='Raw Data'!CD26 -> 0 | AQ27: ='Raw Data'!CE26 -> 0 | AR27: 1 | AT27: 0 | AU27: ='Top Ten Disease (OPD)'!HF27 -> 0 | AV27: ='Top Ten Disease (OPD)'!HD27 -> 0 | AW27: ='Raw Data'!CG26 -> 0 | AX27: ='Raw Data'!CO26+'Raw Data'!CP26 -> 0 | AY27: 0 | AZ27: ='Raw Data'!CR26+'Raw Data'!CS26 -> 5887 | BA27: =AZ27/'Target Population'!F27*100 -> 52.907343 | BB27: ='Raw Data'!CS26/'Raw Data'!CR26*100 -> 71.083987 | BC27: 75
A28: 10303 | B28: Rural Municipality | C28: Province 1 | D28: Solukhumbu | E28: Sotang Rural Municipality | F28: 68 | G28: 80.2 | H28: 70.1 | I28: 70.1 | J28: 56.9 | K28: 53.6 | L28: 68.7 | M28: 61.9 | N28: 12.7 | O28: 55.9 | P28: ='Raw Data'!R27/'Raw Data'!P27*100 -> 73.731884 | Q28: 2.9 | R28: 194.6 | S28: 0.5 | T28: ='Raw Data'!Z27/'Target Population'!M28*100 -> 72.158498 | U28: ='Raw Data'!AA27/'Target Population'!N28*100 -> 76.744186 | V28: ='Raw Data'!AH27/'Target Population'!L28*100 -> 67.171239 | W28: ='Raw Data'!AI27/'Raw Data'!AH27*100 -> 58.309859 | X28: ='Raw Data'!AN27/'Target Population'!L28*1000 -> 1006.6225 | Y28: ='Raw Data'!AO27/'Target Population'!L28*1000 -> 93.661306 | Z28: ='Raw Data'!AO27/('Raw Data'!AJ27+'Raw Data'!AK27+'Raw Data'!AL27)*100 -> 15.916399 | AA28: =('Raw Data'!AP27+'Raw Data'!AQ27+'Raw Data'!AR27)/'Raw Data'!AO27*100 -> 103.0303 | AB28: 125 | AC28: 36.8 | AD28: 52.5 | AE28: 28.9 | AF28: 27.9 | AG28: ='Raw Data'!BC27+'Raw Data'!BD27+'Raw Data'!BE27+'Raw Data'!BF27+'Raw Data'!BG27+'Raw Data'!BH27 -> 0 | AH28: ='Raw Data'!BQ27 -> 5 | AI28: ='Raw Data'!BI27+'Raw Data'!BJ27+'Raw Data'!BK27+'Raw Data'!BL27 -> 42 | AJ28: =('Raw Data'!BR27+'Raw Data'!BS27+'Raw Data'!BT27+'Raw Data'!BU27+'Raw Data'!BV27)/'Target Population'!Q28*100 -> 2.8087719 | AK28: =SUM('Raw Data'!BW27:BY27)/'Target Population'!G28*100 -> 0 | AL28: ='Raw Data'!BZ27 -> 18.5 | AM28: ='Raw Data'!CA27/('Raw Data'!BZ27*12)*100 -> 80.630631 | AN28: ='Raw Data'!CC27/('Raw Data'!CB27*12)*100 -> 34.920635 | AO28: 8.9 | AP28: ='Raw Data'!CD27 -> 0 | AQ28: ='Raw Data'!CE27 -> 0 | AR28: 3 | AT28: 0 | AU28: ='Top Ten Disease (OPD)'!HF28 -> 0 | AV28: ='Top Ten Disease (OPD)'!HD28 -> 0 | AW28: ='Raw Data'!CG27 -> 0 | AX28: ='Raw Data'!CO27+'Raw Data'!CP27 -> 0 | AY28: 0 | AZ28: ='Raw Data'!CR27+'Raw Data'!CS27 -> 9248 | BA28: =AZ28/'Target Population'!F28*100 -> 100.08658 | BB28: ='Raw Data'!CS27/'Raw Data'!CR27*100 -> 63.913506 | BC28: 55.6
A29: 10304 | B29: Rural Municipality | C29: Province 1 | D29: Solukhumbu | E29: Dhudhakoshi Rural Municipality | F29: 56.6 | G29: 56.3 | H29: 33.7 | I29: 33.7 | J29: 30.5 | K29: 39.7 | L29: 32.4 | M29: 17.2 | N29: 40.1 | O29: 28.8 | P29: ='Raw Data'!R28/'Raw Data'!P28*100 -> 84.748428 | Q29: 0 | R29: 76.1 | S29: 14.5 | T29: ='Raw Data'!Z28/'Target Population'!M29*100 -> 92.539683 | U29: ='Raw Data'!AA28/'Target Population'!N29*100 -> 93.392857 | V29: ='Raw Data'!AH28/'Target Population'!L29*100 -> 28.591851 | W29: ='Raw Data'!AI28/'Raw Data'!AH28*100 -> 73.25 | X29: ='Raw Data'!AN28/'Target Population'!L29*1000 -> 683.34525 | Y29: ='Raw Data'!AO28/'Target Population'!L29*1000 -> 77.912795 | Z29: ='Raw Data'!AO28/('Raw Data'!AJ28+'Raw Data'!AK28+'Raw Data'!AL28)*100 -> 19.395018 | AA29: =('Raw Data'!AP28+'Raw Data'!AQ28+'Raw Data'!AR28)/'Raw Data'!AO28*100 -> 188.07339 | AB29: 36.1 | AC29: 24.3 | AD29: 29.9 | AE29: 6.6 | AF29: 2.4 | AG29: ='Raw Data'!BC28+'Raw Data'!BD28+'Raw Data'!BE28+'Raw Data'!BF28+'Raw Data'!BG28+'Raw Data'!BH28 -> 0 | AH29: ='Raw Data'!BQ28 -> 0 | AI29: ='Raw Data'!BI28+'Raw Data'!BJ28+'Raw Data'!BK28+'Raw Data'!BL28 -> 0 | AJ29: =('Raw Data'!BR28+'Raw Data'!BS28+'Raw Data'!BT28+'Raw Data'!BU28+'Raw Data'!BV28)/'Target Population'!Q29*100 -> 2.6568592 | AK29: =SUM('Raw Data'!BW28:BY28)/'Target Population'!G29*100 -> 0 | AL29: ='Raw Data'!BZ28 -> 19.090909 | AM29: ='Raw Data'!CA28/('Raw Data'!BZ28*12)*100 -> 76.388889 | AN29: ='Raw Data'!CC28/('Raw Data'!CB28*12)*100 -> 84.615385 | AO29: 9.9 | AP29: ='Raw Data'!CD28 -> 0 | AQ29: ='Raw Data'!CE28 -> 0 | AR29: 4 | AS29: 100 | AT29: 0 | AU29: ='Top Ten Disease (OPD)'!HF29 -> 0 | AV29: ='Top Ten Disease (OPD)'!HD29 -> 0 | AW29: ='Raw Data'!CG28 -> 5 | AX29: ='Raw Data'!CO28+'Raw Data'!CP28 -> 0 | AY29: 0 | AZ29: ='Raw Data'!CR28+'Raw Data'!CS28 -> 4659 | BA29: =AZ29/'Target Population'!F29*100 -> 35.673813 | BB29: ='Raw Data'!CS28/'Raw Data'!CR28*100 -> 78.369066 | BC29: 63.9
A30: 10305 | B30: Rural Municipality | C30: Province 1 | D30: Solukhumbu | E30: Dhudha Koushika Rural Municipality | F30: 62.7 | G30: 61 | H30: 57.6 | I30: 57.6 | J30: 57.6 | K30: 45.5 | L30: 42.9 | M30: 46.1 | N30: 5.6 | O30: 58.5 | P30: ='Raw Data'!R29/'Raw Data'!P29*100 -> 86.184211 | Q30: 8.4 | R30: 82.3 | S30: 1.1 | T30: ='Raw Data'!Z29/'Target Population'!M30*100 -> 46.262189 | U30: ='Raw Data'!AA29/'Target Population'!N30*100 -> 47.442144 | V30: ='Raw Data'!AH29/'Target Population'!L30*100 -> 43.219512 | W30: ='Raw Data'!AI29/'Raw Data'!AH29*100 -> 88.487585 | X30: ='Raw Data'!AN29/'Target Population'!L30*1000 -> 957.07317 | Y30: ='Raw Data'!AO29/'Target Population'!L30*1000 -> 115.60976 | Z30: ='Raw Data'!AO29/('Raw Data'!AJ29+'Raw Data'!AK29+'Raw Data'!AL29)*100 -> 16.832386 | AA30: =('Raw Data'!AP29+'Raw Data'!AQ29+'Raw Data'!AR29)/'Raw Data'!AO29*100 -> 316.4557 | AB30: 69 | AC30: 23.9 | AD30: 62.1 | AE30: 15.4 | AF30: 14.2 | AG30: ='Raw Data'!BC29+'Raw Data'!BD29+'Raw Data'!BE29+'Raw Data'!BF29+'Raw Data'!BG29+'Raw Data'!BH29 -> 0 | AH30: ='Raw Data'!BQ29 -> 2 | AI30: ='Raw Data'!BI29+'Raw Data'!BJ29+'Raw Data'!BK29+'Raw Data'!BL29 -> 2 | AJ30: =('Raw Data'!BR29+'Raw Data'!BS29+'Raw Data'!BT29+'Raw Data'!BU29+'Raw Data'!BV29)/'Target Population'!Q30*100 -> 23.789397 | AK30: =SUM('Raw Data'!BW29:BY29)/'Target Population'!G30*100 -> 0 | AL30: ='Raw Data'!BZ29 -> 45.25 | AM30: ='Raw Data'!CA29/('Raw Data'!BZ29*12)*100 -> 90.423573 | AN30: ='Raw Data'!CC29/('Raw Data'!CB29*12)*100 -> 85.606061 | AO30: 8.6 | AP30: ='Raw Data'!CD29 -> 0 | AQ30: ='Raw Data'!CE29 -> 0 | AR30: 5 | AT30: 0 | AU30: ='Top Ten Disease (OPD)'!HF30 -> 0 | AV30: ='Top Ten Disease (OPD)'!HD30 -> 0 | AW30: ='Raw Data'!CG29 -> 0 | AX30: ='Raw Data'!CO29+'Raw Data'!CP29 -> 0 | AY30: 0 | AZ30: ='Raw Data'!CR29+'Raw Data'!CS29 -> 10698 | BA30: =AZ30/'Target Population'!F30*100 -> 56.001675 | BB30: ='Raw Data'!CS29/'Raw Data'!CR29*100 -> 71.031175 | BC30: 75
A31: 10306 | B31: Rural Municipality | C31: Province 1 | D31: Solukhumbu | E31: Necha Salyan Rural Municipality | F31: 52.5 | G31: 57.3 | H31: 54.3 | I31: 54 | J31: 43.6 | K31: 40.2 | L31: 53.1 | M31: 30.7 | N31: 5.2 | O31: 57.2 | P31: ='Raw Data'!R30/'Raw Data'!P30*100 -> 91.472868 | Q31: 0 | R31: 53.6 | S31: 0.6 | T31: ='Raw Data'!Z30/'Target Population'!M31*100 -> 44.064093 | U31: ='Raw Data'!AA30/'Target Population'!N31*100 -> 44.979253 | V31: ='Raw Data'!AH30/'Target Population'!L31*100 -> 25.584416 | W31: ='Raw Data'!AI30/'Raw Data'!AH30*100 -> 95.177665 | X31: ='Raw Data'!AN30/'Target Population'!L31*1000 -> 827.27273 | Y31: ='Raw Data'!AO30/'Target Population'!L31*1000 -> 205.84416 | Z31: ='Raw Data'!AO30/('Raw Data'!AJ30+'Raw Data'!AK30+'Raw Data'!AL30)*100 -> 38.517618 | AA31: =('Raw Data'!AP30+'Raw Data'!AQ30+'Raw Data'!AR30)/'Raw Data'!AO30*100 -> 221.4511 | AB31: 43.6 | AC31: 30.3 | AD31: 35.5 | AE31: 26.9 | AF31: 15 | AG31: ='Raw Data'!BC30+'Raw Data'!BD30+'Raw Data'!BE30+'Raw Data'!BF30+'Raw Data'!BG30+'Raw Data'!BH30 -> 0 | AH31: ='Raw Data'!BQ30 -> 1 | AI31: ='Raw Data'!BI30+'Raw Data'!BJ30+'Raw Data'!BK30+'Raw Data'!BL30 -> 0 | AJ31: =('Raw Data'!BR30+'Raw Data'!BS30+'Raw Data'!BT30+'Raw Data'!BU30+'Raw Data'!BV30)/'Target Population'!Q31*100 -> 19.055877 | AK31: =SUM('Raw Data'!BW30:BY30)/'Target Population'!G31*100 -> 0 | AL31: ='Raw Data'!BZ30 -> 32.166667 | AM31: ='Raw Data'!CA30/('Raw Data'!BZ30*12)*100 -> 81.865285 | AN31: ='Raw Data'!CC30/('Raw Data'!CB30*12)*100 -> 76.28866 | AO31: 13.7 | AP31: ='Raw Data'!CD30 -> 0 | AQ31: ='Raw Data'!CE30 -> 0 | AR31: 1 | AT31: 0 | AU31: ='Top Ten Disease (OPD)'!HF31 -> 0 | AV31: ='Top Ten Disease (OPD)'!HD31 -> 0 | AW31: ='Raw Data'!CG30 -> 0 | AX31: ='Raw Data'!CO30+'Raw Data'!CP30 -> 0 | AY31: 0 | AZ31: ='Raw Data'!CR30+'Raw Data'!CS30 -> 10858 | BA31: =AZ31/'Target Population'!F31*100 -> 69.159236 | BB31: ='Raw Data'!CS30/'Raw Data'!CR30*100 -> 70.401758 | BC31: 75
A32: 10307 | B32: Municipality | C32: Province 1 | D32: Solukhumbu | E32: Solu Dhudhakunda Municipality | F32: 85.9 | G32: 100.9 | H32: 107.3 | I32: 107.3 | J32: 105.4 | K32: 98 | L32: 109.9 | M32: 72.6 | N32: -6.3 | O32: 70 | P32: ='Raw Data'!R31/'Raw Data'!P31*100 -> 92.013889 | Q32: 4.7 | R32: 99 | S32: 3.4 | T32: ='Raw Data'!Z31/'Target Population'!M32*100 -> 135.74219 | U32: ='Raw Data'!AA31/'Target Population'!N32*100 -> 142.36902 | V32: ='Raw Data'!AH31/'Target Population'!L32*100 -> 57.679181 | W32: ='Raw Data'!AI31/'Raw Data'!AH31*100 -> 77.514793 | X32: ='Raw Data'!AN31/'Target Population'!L32*1000 -> 1834.471 | Y32: ='Raw Data'!AO31/'Target Population'!L32*1000 -> 196.81456 | Z32: ='Raw Data'!AO31/('Raw Data'!AJ31+'Raw Data'!AK31+'Raw Data'!AL31)*100 -> 14.767392 | AA32: =('Raw Data'!AP31+'Raw Data'!AQ31+'Raw Data'!AR31)/'Raw Data'!AO31*100 -> 274.56647 | AB32: 212.3 | AC32: 38.2 | AD32: 49.3 | AE32: 73.2 | AF32: 19.5 | AG32: ='Raw Data'!BC31+'Raw Data'!BD31+'Raw Data'!BE31+'Raw Data'!BF31+'Raw Data'!BG31+'Raw Data'!BH31 -> 0 | AH32: ='Raw Data'!BQ31 -> 2 | AI32: ='Raw Data'!BI31+'Raw Data'!BJ31+'Raw Data'!BK31+'Raw Data'!BL31 -> 186 | AJ32: =('Raw Data'!BR31+'Raw Data'!BS31+'Raw Data'!BT31+'Raw Data'!BU31+'Raw Data'!BV31)/'Target Population'!Q32*100 -> 32.582645 | AK32: =SUM('Raw Data'!BW31:BY31)/'Target Population'!G32*100 -> 0 | AL32: ='Raw Data'!BZ31 -> 75.416667 | AM32: ='Raw Data'!CA31/('Raw Data'!BZ31*12)*100 -> 74.696133 | AN32: ='Raw Data'!CC31/('Raw Data'!CB31*12)*100 -> 94.88189 | AO32: 13.1 | AP32: ='Raw Data'!CD31 -> 0 | AQ32: ='Raw Data'!CE31 -> 0 | AR32: 6 | AS32: 100 | AT32: 0 | AU32: ='Top Ten Disease (OPD)'!HF32 -> 0 | AV32: ='Top Ten Disease (OPD)'!HD32 -> 0 | AW32: ='Raw Data'!CG31 -> 8 | AX32: ='Raw Data'!CO31+'Raw Data'!CP31 -> 0 | AY32: 0 | AZ32: ='Raw Data'!CR31+'Raw Data'!CS31 -> 31049 | BA32: =AZ32/'Target Population'!F32*100 -> 150.48953 | BB32: ='Raw Data'!CS31/'Raw Data'!CR31*100 -> 74.285714 | BC32: 72.5
A33: 10308 | B33: Rural Municipality | C33: Province 1 | D33: Solukhumbu | E33: Likhu Pike Rural Municipality | F33: 67 | G33: 78.3 | H33: 71.3 | I33: 70.4 | J33: 64.3 | K33: 44.2 | L33: 61.9 | M33: 38.3 | N33: 8.9 | O33: 60.5 | P33: ='Raw Data'!R32/'Raw Data'!P32*100 -> 88.888889 | Q33: 0 | R33: 32.5 | S33: 6.8 | T33: ='Raw Data'!Z32/'Target Population'!M33*100 -> 51.804671 | U33: ='Raw Data'!AA32/'Target Population'!N33*100 -> 50.605327 | V33: ='Raw Data'!AH32/'Target Population'!L33*100 -> 63.257576 | W33: ='Raw Data'!AI32/'Raw Data'!AH32*100 -> 82.634731 | X33: ='Raw Data'!AN32/'Target Population'!L33*1000 -> 892.04545 | Y33: ='Raw Data'!AO32/'Target Population'!L33*1000 -> 77.651515 | Z33: ='Raw Data'!AO32/('Raw Data'!AJ32+'Raw Data'!AK32+'Raw Data'!AL32)*100 -> 19.248826 | AA33: =('Raw Data'!AP32+'Raw Data'!AQ32+'Raw Data'!AR32)/'Raw Data'!AO32*100 -> 287.80488 | AB33: 60.5 | AC33: 48.7 | AD33: 33.6 | AE33: 21 | AF33: 18.5 | AG33: ='Raw Data'!BC32+'Raw Data'!BD32+'Raw Data'!BE32+'Raw Data'!BF32+'Raw Data'!BG32+'Raw Data'!BH32 -> 0 | AH33: ='Raw Data'!BQ32 -> 0 | AI33: ='Raw Data'!BI32+'Raw Data'!BJ32+'Raw Data'!BK32+'Raw Data'!BL32 -> 0 | AJ33: =('Raw Data'!BR32+'Raw Data'!BS32+'Raw Data'!BT32+'Raw Data'!BU32+'Raw Data'!BV32)/'Target Population'!Q33*100 -> 14.129809 | AK33: =SUM('Raw Data'!BW32:BY32)/'Target Population'!G33*100 -> 0 | AL33: ='Raw Data'!BZ32 -> 21.833333 | AM33: ='Raw Data'!CA32/('Raw Data'!BZ32*12)*100 -> 90.458015 | AN33: ='Raw Data'!CC32/('Raw Data'!CB32*12)*100 -> 84.615385 | AO33: 13.6 | AP33: ='Raw Data'!CD32 -> 0 | AQ33: ='Raw Data'!CE32 -> 0 | AR33: 0 | AT33: 0 | AU33: ='Top Ten Disease (OPD)'!HF33 -> 0 | AV33: ='Top Ten Disease (OPD)'!HD33 -> 0 | AW33: ='Raw Data'!CG32 -> 0 | AX33: ='Raw Data'!CO32+'Raw Data'!CP32 -> 0 | AY33: 0 | AZ33: ='Raw Data'!CR32+'Raw Data'!CS32 -> 4456 | BA33: =AZ33/'Target Population'!F33*100 -> 82.610308 | BB33: ='Raw Data'!CS32/'Raw Data'!CR32*100 -> 80.186009 | BC33: 62.5
A34: 104 | B34: District | C34: Province 1 | D34: Okhaldhunga | E34: OKHALDHUNGA | F34: 78.1 | G34: 75 | H34: 68.7 | I34: 68.6 | J34: 70.2 | K34: 65.3 | L34: 76.5 | M34: 62.3 | N34: 8.4 | O34: 60.1 | P34: ='Raw Data'!R33/'Raw Data'!P33*100 -> 98.620362 | Q34: 8.2 | R34: 107.5 | S34: 1.6 | T34: ='Raw Data'!Z33/'Target Population'!M34*100 -> 82.383721 | U34: ='Raw Data'!AA33/'Target Population'!N34*100 -> 81.593771 | V34: ='Raw Data'!AH33/'Target Population'!L34*100 -> 76.301139 | W34: ='Raw Data'!AI33/'Raw Data'!AH33*100 -> 93.068635 | X34: ='Raw Data'!AN33/'Target Population'!L34*1000 -> 1589.1378 | Y34: ='Raw Data'!AO33/'Target Population'!L34*1000 -> 133.67426 | Z34: ='Raw Data'!AO33/('Raw Data'!AJ33+'Raw Data'!AK33+'Raw Data'!AL33)*100 -> 23.967038 | AA34: =('Raw Data'!AP33+'Raw Data'!AQ33+'Raw Data'!AR33)/'Raw Data'!AO33*100 -> 186.92494 | AB34: 80.5 | AC34: 36.2 | AD34: 37.6 | AE34: 59.1 | AF34: 25.9 | AG34: ='Raw Data'!BC33+'Raw Data'!BD33+'Raw Data'!BE33+'Raw Data'!BF33+'Raw Data'!BG33+'Raw Data'!BH33 -> 0 | AH34: ='Raw Data'!BQ33 -> 27 | AI34: ='Raw Data'!BI33+'Raw Data'!BJ33+'Raw Data'!BK33+'Raw Data'!BL33 -> 115 | AJ34: =('Raw Data'!BR33+'Raw Data'!BS33+'Raw Data'!BT33+'Raw Data'!BU33+'Raw Data'!BV33)/'Target Population'!Q34*100 -> 32.379764 | AK34: =SUM('Raw Data'!BW33:BY33)/'Target Population'!G34*100 -> 1.0321101 | AL34: ='Raw Data'!BZ33 -> 706.91667 | AM34: ='Raw Data'!CA33/('Raw Data'!BZ33*12)*100 -> 107.89815 | AN34: ='Raw Data'!CC33/('Raw Data'!CB33*12)*100 -> 99.901039 | AO34: 12.5 | AP34: ='Raw Data'!CD33 -> 145 | AQ34: ='Raw Data'!CE33 -> 0 | AR34: 50 | AS34: 87 | AT34: 6 | AU34: ='Top Ten Disease (OPD)'!HF34 -> 0 | AV34: ='Top Ten Disease (OPD)'!HD34 -> 0 | AW34: ='Raw Data'!CG33 -> 32 | AX34: ='Raw Data'!CO33+'Raw Data'!CP33 -> 0 | AY34: 1.4 | AZ34: ='Raw Data'!CR33+'Raw Data'!CS33 -> 152162 | BA34: =AZ34/'Target Population'!F34*100 -> 100.84901 | BB34: ='Raw Data'!CS33/'Raw Data'!CR33*100 -> 71.870376 | BC34: 99.4
A35: 10401 | B35: Rural Municipality | C35: Province 1 | D35: Okhaldhunga | E35: Chishankhu Gadhi Rural Municipality | F35: 43.7 | G35: 67.4 | H35: 63.6 | I35: 63.3 | J35: 66 | K35: 61.6 | L35: 73.1 | M35: 55.7 | N35: 5.7 | O35: 40.1 | P35: ='Raw Data'!R34/'Raw Data'!P34*100 -> 98.755187 | Q35: 4.7 | R35: 70.8 | S35: 3.8 | T35: ='Raw Data'!Z34/'Target Population'!M35*100 -> 74.771609 | U35: ='Raw Data'!AA34/'Target Population'!N35*100 -> 75.479233 | V35: ='Raw Data'!AH34/'Target Population'!L35*100 -> 77.338355 | W35: ='Raw Data'!AI34/'Raw Data'!AH34*100 -> 86.282468 | X35: ='Raw Data'!AN34/'Target Population'!L35*1000 -> 1630.8851 | Y35: ='Raw Data'!AO34/'Target Population'!L35*1000 -> 96.045198 | Z35: ='Raw Data'!AO34/('Raw Data'!AJ34+'Raw Data'!AK34+'Raw Data'!AL34)*100 -> 23.943662 | AA35: =('Raw Data'!AP34+'Raw Data'!AQ34+'Raw Data'!AR34)/'Raw Data'!AO34*100 -> 154.90196 | AB35: 50 | AC35: 36.1 | AD35: 29 | AE35: 17.6 | AF35: 12.2 | AG35: ='Raw Data'!BC34+'Raw Data'!BD34+'Raw Data'!BE34+'Raw Data'!BF34+'Raw Data'!BG34+'Raw Data'!BH34 -> 0 | AH35: ='Raw Data'!BQ34 -> 2 | AI35: ='Raw Data'!BI34+'Raw Data'!BJ34+'Raw Data'!BK34+'Raw Data'!BL34 -> 2 | AJ35: =('Raw Data'!BR34+'Raw Data'!BS34+'Raw Data'!BT34+'Raw Data'!BU34+'Raw Data'!BV34)/'Target Population'!Q35*100 -> 20.056494 | AK35: =SUM('Raw Data'!BW34:BY34)/'Target Population'!G35*100 -> 0 | AL35: ='Raw Data'!BZ34 -> 88.083333 | AM35: ='Raw Data'!CA34/('Raw Data'!BZ34*12)*100 -> 185.43046 | AN35: ='Raw Data'!CC34/('Raw Data'!CB34*12)*100 -> 100 | AO35: 9.3 | AP35: ='Raw Data'!CD34 -> 0 | AQ35: ='Raw Data'!CE34 -> 0 | AR35: 0 | AT35: 0 | AU35: ='Top Ten Disease (OPD)'!HF35 -> 0 | AV35: ='Top Ten Disease (OPD)'!HD35 -> 0 | AW35: ='Raw Data'!CG34 -> 8 | AX35: ='Raw Data'!CO34+'Raw Data'!CP34 -> 0 | AY35: 0.66 | AZ35: ='Raw Data'!CR34+'Raw Data'!CS34 -> 11815 | BA35: =AZ35/'Target Population'!F35*100 -> 77.490654 | BB35: ='Raw Data'!CS34/'Raw Data'!CR34*100 -> 79.695817 | BC35: 98.8
A36: 10402 | B36: Municipality | C36: Province 1 | D36: Okhaldhunga | E36: Siddhicharan Municipality | F36: 179 | G36: 75.6 | H36: 66.6 | I36: 66.6 | J36: 70 | K36: 73.8 | L36: 90.6 | M36: 52.7 | N36: 12 | O36: 77 | P36: ='Raw Data'!R35/'Raw Data'!P35*100 -> 94.672131 | Q36: 11 | R36: 232.1 | S36: 1.3 | T36: ='Raw Data'!Z35/'Target Population'!M36*100 -> 98.478618 | U36: ='Raw Data'!AA35/'Target Population'!N36*100 -> 100.09533 | V36: ='Raw Data'!AH35/'Target Population'!L36*100 -> 89.931433 | W36: ='Raw Data'!AI35/'Raw Data'!AH35*100 -> 89.686998 | X36: ='Raw Data'!AN35/'Target Population'!L36*1000 -> 1786.3587 | Y36: ='Raw Data'!AO35/'Target Population'!L36*1000 -> 109.70769 | Z36: ='Raw Data'!AO35/('Raw Data'!AJ35+'Raw Data'!AK35+'Raw Data'!AL35)*100 -> 16.059165 | AA36: =('Raw Data'!AP35+'Raw Data'!AQ35+'Raw Data'!AR35)/'Raw Data'!AO35*100 -> 156.90789 | AB36: 148.6 | AC36: 27.7 | AD36: 35.8 | AE36: 197.3 | AF36: 43.7 | AG36: ='Raw Data'!BC35+'Raw Data'!BD35+'Raw Data'!BE35+'Raw Data'!BF35+'Raw Data'!BG35+'Raw Data'!BH35 -> 0 | AH36: ='Raw Data'!BQ35 -> 15 | AI36: ='Raw Data'!BI35+'Raw Data'!BJ35+'Raw Data'!BK35+'Raw Data'!BL35 -> 78 | AJ36: =('Raw Data'!BR35+'Raw Data'!BS35+'Raw Data'!BT35+'Raw Data'!BU35+'Raw Data'!BV35)/'Target Population'!Q36*100 -> 67.754613 | AK36: =SUM('Raw Data'!BW35:BY35)/'Target Population'!G36*100 -> 5.1724138 | AL36: ='Raw Data'!BZ35 -> 134.58333 | AM36: ='Raw Data'!CA35/('Raw Data'!BZ35*12)*100 -> 98.885449 | AN36: ='Raw Data'!CC35/('Raw Data'!CB35*12)*100 -> 100 | AO36: 14.7 | AP36: ='Raw Data'!CD35 -> 145 | AQ36: ='Raw Data'!CE35 -> 0 | AR36: 43 | AS36: 84.2 | AT36: 6 | AU36: ='Top Ten Disease (OPD)'!HF36 -> 0 | AV36: ='Top Ten Disease (OPD)'!HD36 -> 0 | AW36: ='Raw Data'!CG35 -> 0 | AX36: ='Raw Data'!CO35+'Raw Data'!CP35 -> 0 | AY36: 6.6 | AZ36: ='Raw Data'!CR35+'Raw Data'!CS35 -> 45537 | BA36: =AZ36/'Target Population'!F36*100 -> 151.36617 | BB36: ='Raw Data'!CS35/'Raw Data'!CR35*100 -> 68.089033 | BC36: 98.3
A37: 10403 | B37: Rural Municipality | C37: Province 1 | D37: Okhaldhunga | E37: Molung Rural Municipality | F37: 52.1 | G37: 99.7 | H37: 83.4 | I37: 83.2 | J37: 82.9 | K37: 71.1 | L37: 89.5 | M37: 62.8 | N37: 16.4 | O37: 84.2 | P37: ='Raw Data'!R36/'Raw Data'!P36*100 -> 100 | Q37: 0 | R37: 117.1 | S37: 1.2 | T37: ='Raw Data'!Z36/'Target Population'!M37*100 -> 88.121369 | U37: ='Raw Data'!AA36/'Target Population'!N37*100 -> 88.619677 | V37: ='Raw Data'!AH36/'Target Population'!L37*100 -> 88.536866 | W37: ='Raw Data'!AI36/'Raw Data'!AH36*100 -> 88.288874 | X37: ='Raw Data'!AN36/'Target Population'!L37*1000 -> 2240.2074 | Y37: ='Raw Data'!AO36/'Target Population'!L37*1000 -> 251.72811 | Z37: ='Raw Data'!AO36/('Raw Data'!AJ36+'Raw Data'!AK36+'Raw Data'!AL36)*100 -> 30.137931 | AA37: =('Raw Data'!AP36+'Raw Data'!AQ36+'Raw Data'!AR36)/'Raw Data'!AO36*100 -> 131.12128 | AB37: 89.9 | AC37: 54.7 | AD37: 53.6 | AE37: 29.5 | AF37: 27.7 | AG37: ='Raw Data'!BC36+'Raw Data'!BD36+'Raw Data'!BE36+'Raw Data'!BF36+'Raw Data'!BG36+'Raw Data'!BH36 -> 0 | AH37: ='Raw Data'!BQ36 -> 0 | AI37: ='Raw Data'!BI36+'Raw Data'!BJ36+'Raw Data'!BK36+'Raw Data'!BL36 -> 15 | AJ37: =('Raw Data'!BR36+'Raw Data'!BS36+'Raw Data'!BT36+'Raw Data'!BU36+'Raw Data'!BV36)/'Target Population'!Q37*100 -> 30.594218 | AK37: =SUM('Raw Data'!BW36:BY36)/'Target Population'!G37*100 -> 0 | AL37: ='Raw Data'!BZ36 -> 87.25 | AM37: ='Raw Data'!CA36/('Raw Data'!BZ36*12)*100 -> 87.010506 | AN37: ='Raw Data'!CC36/('Raw Data'!CB36*12)*100 -> 99.598394 | AO37: 13.3 | AP37: ='Raw Data'!CD36 -> 0 | AQ37: ='Raw Data'!CE36 -> 0 | AR37: 0 | AT37: 0 | AU37: ='Top Ten Disease (OPD)'!HF37 -> 0 | AV37: ='Top Ten Disease (OPD)'!HD37 -> 0 | AW37: ='Raw Data'!CG36 -> 14 | AX37: ='Raw Data'!CO36+'Raw Data'!CP36 -> 0 | AY37: 0 | AZ37: ='Raw Data'!CR36+'Raw Data'!CS36 -> 22028 | BA37: =AZ37/'Target Population'!F37*100 -> 131.92789 | BB37: ='Raw Data'!CS36/'Raw Data'!CR36*100 -> 73.489801 | BC37: 98.8
A38: 10404 | B38: Rural Municipality | C38: Province 1 | D38: Okhaldhunga | E38: Khiji Demba Rural Municipality | F38: 56.1 | G38: 69.8 | H38: 56.1 | I38: 55.8 | J38: 61.5 | K38: 65.3 | L38: 67.8 | M38: 60.4 | N38: 19.6 | O38: 53.6 | P38: ='Raw Data'!R37/'Raw Data'!P37*100 -> 100 | Q38: 1.8 | R38: 52.1 | S38: 0.3 | T38: ='Raw Data'!Z37/'Target Population'!M38*100 -> 82.722144 | U38: ='Raw Data'!AA37/'Target Population'!N38*100 -> 81.642512 | V38: ='Raw Data'!AH37/'Target Population'!L38*100 -> 50.533584 | W38: ='Raw Data'!AI37/'Raw Data'!AH37*100 -> 87.329193 | X38: ='Raw Data'!AN37/'Target Population'!L38*1000 -> 1019.4601 | Y38: ='Raw Data'!AO37/'Target Population'!L38*1000 -> 50.219711 | Z38: ='Raw Data'!AO37/('Raw Data'!AJ37+'Raw Data'!AK37+'Raw Data'!AL37)*100 -> 13.311148 | AA38: =('Raw Data'!AP37+'Raw Data'!AQ37+'Raw Data'!AR37)/'Raw Data'!AO37*100 -> 588.75 | AB38: 54.1 | AC38: 40.6 | AD38: 35.1 | AE38: 25.4 | AF38: 22.9 | AG38: ='Raw Data'!BC37+'Raw Data'!BD37+'Raw Data'!BE37+'Raw Data'!BF37+'Raw Data'!BG37+'Raw Data'!BH37 -> 0 | AH38: ='Raw Data'!BQ37 -> 3 | AI38: ='Raw Data'!BI37+'Raw Data'!BJ37+'Raw Data'!BK37+'Raw Data'!BL37 -> 0 | AJ38: =('Raw Data'!BR37+'Raw Data'!BS37+'Raw Data'!BT37+'Raw Data'!BU37+'Raw Data'!BV37)/'Target Population'!Q38*100 -> 21.788235 | AK38: =SUM('Raw Data'!BW37:BY37)/'Target Population'!G38*100 -> 0 | AL38: ='Raw Data'!BZ37 -> 72.583333 | AM38: ='Raw Data'!CA37/('Raw Data'!BZ37*12)*100 -> 102.64064 | AN38: ='Raw Data'!CC37/('Raw Data'!CB37*12)*100 -> 99.537037 | AO38: 8.8 | AP38: ='Raw Data'!CD37 -> 0 | AQ38: ='Raw Data'!CE37 -> 0 | AR38: 2 | AT38: 0 | AU38: ='Top Ten Disease (OPD)'!HF38 -> 0 | AV38: ='Top Ten Disease (OPD)'!HD38 -> 0 | AW38: ='Raw Data'!CG37 -> 4 | AX38: ='Raw Data'!CO37+'Raw Data'!CP37 -> 0 | AY38: 0 | AZ38: ='Raw Data'!CR37+'Raw Data'!CS37 -> 12770 | BA38: =AZ38/'Target Population'!F38*100 -> 81.488099 | BB38: ='Raw Data'!CS37/'Raw Data'!CR37*100 -> 73.576186 | BC38: 100
A39: 10405 | B39: Rural Municipality | C39: Province 1 | D39: Okhaldhunga | E39: Likhu Rural Municipality | F39: 46.7 | G39: 52.4 | H39: 52.7 | I39: 52.7 | J39: 52.4 | K39: 44.7 | L39: 48.4 | M39: 51.1 | N39: -0.61 | O39: 34 | P39: ='Raw Data'!R38/'Raw Data'!P38*100 -> 100 | Q39: 6.7 | R39: 68 | S39: 0.5 | T39: ='Raw Data'!Z38/'Target Population'!M39*100 -> 76.352396 | U39: ='Raw Data'!AA38/'Target Population'!N39*100 -> 77.464789 | V39: ='Raw Data'!AH38/'Target Population'!L39*100 -> 90.696072 | W39: ='Raw Data'!AI38/'Raw Data'!AH38*100 -> 86.62614 | X39: ='Raw Data'!AN38/'Target Population'!L39*1000 -> 1638.8697 | Y39: ='Raw Data'!AO38/'Target Population'!L39*1000 -> 124.05238 | Z39: ='Raw Data'!AO38/('Raw Data'!AJ38+'Raw Data'!AK38+'Raw Data'!AL38)*100 -> 25.824964 | AA39: =('Raw Data'!AP38+'Raw Data'!AQ38+'Raw Data'!AR38)/'Raw Data'!AO38*100 -> 172.22222 | AB39: 50.9 | AC39: 30.1 | AD39: 28.2 | AE39: 14.4 | AF39: 12 | AG39: ='Raw Data'!BC38+'Raw Data'!BD38+'Raw Data'!BE38+'Raw Data'!BF38+'Raw Data'!BG38+'Raw Data'!BH38 -> 0 | AH39: ='Raw Data'!BQ38 -> 2 | AI39: ='Raw Data'!BI38+'Raw Data'!BJ38+'Raw Data'!BK38+'Raw Data'!BL38 -> 4 | AJ39: =('Raw Data'!BR38+'Raw Data'!BS38+'Raw Data'!BT38+'Raw Data'!BU38+'Raw Data'!BV38)/'Target Population'!Q39*100 -> 25.117794 | AK39: =SUM('Raw Data'!BW38:BY38)/'Target Population'!G39*100 -> 0 | AL39: ='Raw Data'!BZ38 -> 82.5 | AM39: ='Raw Data'!CA38/('Raw Data'!BZ38*12)*100 -> 96.161616 | AN39: ='Raw Data'!CC38/('Raw Data'!CB38*12)*100 -> 100 | AO39: 13.2 | AP39: ='Raw Data'!CD38 -> 0 | AQ39: ='Raw Data'!CE38 -> 0 | AR39: 0 | AT39: 0 | AU39: ='Top Ten Disease (OPD)'!HF39 -> 0 | AV39: ='Top Ten Disease (OPD)'!HD39 -> 0 | AW39: ='Raw Data'!CG38 -> 0 | AX39: ='Raw Data'!CO38+'Raw Data'!CP38 -> 0 | AY39: 0 | AZ39: ='Raw Data'!CR38+'Raw Data'!CS38 -> 15774 | BA39: =AZ39/'Target Population'!F39*100 -> 111.99148 | BB39: ='Raw Data'!CS38/'Raw Data'!CR38*100 -> 79.087193 | BC39: 100
A40: 10406 | B40: Rural Municipality | C40: Province 1 | D40: Okhaldhunga | E40: Champadevi Rural Municipality | F40: 61.3 | G40: 69.8 | H40: 65.6 | I40: 66.3 | J40: 68.9 | K40: 53 | L40: 52.5 | M40: 60.3 | N40: 6.1 | O40: 47.1 | P40: ='Raw Data'!R39/'Raw Data'!P39*100 -> 100 | Q40: 4.4 | R40: 87.4 | S40: 3 | T40: ='Raw Data'!Z39/'Target Population'!M40*100 -> 61.880429 | U40: ='Raw Data'!AA39/'Target Population'!N40*100 -> 62.428408 | V40: ='Raw Data'!AH39/'Target Population'!L40*100 -> 75.311491 | W40: ='Raw Data'!AI39/'Raw Data'!AH39*100 -> 92.463235 | X40: ='Raw Data'!AN39/'Target Population'!L40*1000 -> 1697.7388 | Y40: ='Raw Data'!AO39/'Target Population'!L40*1000 -> 230.27227 | Z40: ='Raw Data'!AO39/('Raw Data'!AJ39+'Raw Data'!AK39+'Raw Data'!AL39)*100 -> 35.16561 | AA40: =('Raw Data'!AP39+'Raw Data'!AQ39+'Raw Data'!AR39)/'Raw Data'!AO39*100 -> 154.50902 | AB40: 55.6 | AC40: 27.8 | AD40: 35.6 | AE40: 31.7 | AF40: 25.3 | AG40: ='Raw Data'!BC39+'Raw Data'!BD39+'Raw Data'!BE39+'Raw Data'!BF39+'Raw Data'!BG39+'Raw Data'!BH39 -> 0 | AH40: ='Raw Data'!BQ39 -> 1 | AI40: ='Raw Data'!BI39+'Raw Data'!BJ39+'Raw Data'!BK39+'Raw Data'!BL39 -> 9 | AJ40: =('Raw Data'!BR39+'Raw Data'!BS39+'Raw Data'!BT39+'Raw Data'!BU39+'Raw Data'!BV39)/'Target Population'!Q40*100 -> 25.320212 | AK40: =SUM('Raw Data'!BW39:BY39)/'Target Population'!G40*100 -> 0 | AL40: ='Raw Data'!BZ39 -> 76.666667 | AM40: ='Raw Data'!CA39/('Raw Data'!BZ39*12)*100 -> 96.086957 | AN40: ='Raw Data'!CC39/('Raw Data'!CB39*12)*100 -> 100 | AO40: 15.4 | AP40: ='Raw Data'!CD39 -> 0 | AQ40: ='Raw Data'!CE39 -> 0 | AR40: 0 | AS40: 300 | AT40: 0 | AU40: ='Top Ten Disease (OPD)'!HF40 -> 0 | AV40: ='Top Ten Disease (OPD)'!HD40 -> 0 | AW40: ='Raw Data'!CG39 -> 1 | AX40: ='Raw Data'!CO39+'Raw Data'!CP39 -> 0 | AY40: 0 | AZ40: ='Raw Data'!CR39+'Raw Data'!CS39 -> 14250 | BA40: =AZ40/'Target Population'!F40*100 -> 75.705254 | BB40: ='Raw Data'!CS39/'Raw Data'!CR39*100 -> 67.804993 | BC40: 100
A41: 10407 | B41: Rural Municipality | C41: Province 1 | D41: Okhaldhunga | E41: Sunkoshi Rural Municipality | F41: 54.9 | G41: 78.8 | H41: 80 | I41: 79.5 | J41: 81.4 | K41: 72.9 | L41: 89.6 | M41: 74.7 | N41: -1.5 | O41: 58 | P41: ='Raw Data'!R40/'Raw Data'!P40*100 -> 100 | Q41: 3 | R41: 69 | S41: 1.4 | T41: ='Raw Data'!Z40/'Target Population'!M41*100 -> 90.243902 | U41: ='Raw Data'!AA40/'Target Population'!N41*100 -> 89.375402 | V41: ='Raw Data'!AH40/'Target Population'!L41*100 -> 79.513185 | W41: ='Raw Data'!AI40/'Raw Data'!AH40*100 -> 100.57398 | X41: ='Raw Data'!AN40/'Target Population'!L41*1000 -> 1566.43 | Y41: ='Raw Data'!AO40/'Target Population'!L41*1000 -> 103.95538 | Z41: ='Raw Data'!AO40/('Raw Data'!AJ40+'Raw Data'!AK40+'Raw Data'!AL40)*100 -> 21.221532 | AA41: =('Raw Data'!AP40+'Raw Data'!AQ40+'Raw Data'!AR40)/'Raw Data'!AO40*100 -> 259.02439 | AB41: 68.4 | AC41: 34.2 | AD41: 32.1 | AE41: 23.1 | AF41: 21.9 | AG41: ='Raw Data'!BC40+'Raw Data'!BD40+'Raw Data'!BE40+'Raw Data'!BF40+'Raw Data'!BG40+'Raw Data'!BH40 -> 0 | AH41: ='Raw Data'!BQ40 -> 0 | AI41: ='Raw Data'!BI40+'Raw Data'!BJ40+'Raw Data'!BK40+'Raw Data'!BL40 -> 5 | AJ41: =('Raw Data'!BR40+'Raw Data'!BS40+'Raw Data'!BT40+'Raw Data'!BU40+'Raw Data'!BV40)/'Target Population'!Q41*100 -> 17.100055 | AK41: =SUM('Raw Data'!BW40:BY40)/'Target Population'!G41*100 -> 0 | AL41: ='Raw Data'!BZ40 -> 72 | AM41: ='Raw Data'!CA40/('Raw Data'!BZ40*12)*100 -> 98.726852 | AN41: ='Raw Data'!CC40/('Raw Data'!CB40*12)*100 -> 100 | AO41: 13.6 | AP41: ='Raw Data'!CD40 -> 0 | AQ41: ='Raw Data'!CE40 -> 0 | AR41: 1 | AS41: 0 | AT41: 0 | AU41: ='Top Ten Disease (OPD)'!HF41 -> 0 | AV41: ='Top Ten Disease (OPD)'!HD41 -> 0 | AW41: ='Raw Data'!CG40 -> 0 | AX41: ='Raw Data'!CO40+'Raw Data'!CP40 -> 0 | AY41: 0 | AZ41: ='Raw Data'!CR40+'Raw Data'!CS40 -> 14762 | BA41: =AZ41/'Target Population'!F41*100 -> 78.806321 | BB41: ='Raw Data'!CS40/'Raw Data'!CR40*100 -> 74.24457 | BC41: 100
A42: 10408 | B42: Rural Municipality | C42: Province 1 | D42: Okhaldhunga | E42: Manebhanjyang Rural Municipality | F42: 53.3 | G42: 80.3 | H42: 76.3 | I42: 76.3 | J42: 73 | K42: 72.6 | L42: 88.6 | M42: 79.7 | N42: 4.9 | O42: 66.7 | P42: ='Raw Data'!R41/'Raw Data'!P41*100 -> 100 | Q42: 3.7 | R42: 80.7 | S42: 1.5 | T42: ='Raw Data'!Z41/'Target Population'!M42*100 -> 80.509356 | U42: ='Raw Data'!AA41/'Target Population'!N42*100 -> 72.846108 | V42: ='Raw Data'!AH41/'Target Population'!L42*100 -> 55.658199 | W42: ='Raw Data'!AI41/'Raw Data'!AH41*100 -> 115.02075 | X42: ='Raw Data'!AN41/'Target Population'!L42*1000 -> 1081.7552 | Y42: ='Raw Data'!AO41/'Target Population'!L42*1000 -> 95.612009 | Z42: ='Raw Data'!AO41/('Raw Data'!AJ41+'Raw Data'!AK41+'Raw Data'!AL41)*100 -> 21.766562 | AA42: =('Raw Data'!AP41+'Raw Data'!AQ41+'Raw Data'!AR41)/'Raw Data'!AO41*100 -> 236.71498 | AB42: 70.7 | AC42: 43.8 | AD42: 48.6 | AE42: 27.1 | AF42: 24.3 | AG42: ='Raw Data'!BC41+'Raw Data'!BD41+'Raw Data'!BE41+'Raw Data'!BF41+'Raw Data'!BG41+'Raw Data'!BH41 -> 0 | AH42: ='Raw Data'!BQ41 -> 4 | AI42: ='Raw Data'!BI41+'Raw Data'!BJ41+'Raw Data'!BK41+'Raw Data'!BL41 -> 2 | AJ42: =('Raw Data'!BR41+'Raw Data'!BS41+'Raw Data'!BT41+'Raw Data'!BU41+'Raw Data'!BV41)/'Target Population'!Q42*100 -> 22.644768 | AK42: =SUM('Raw Data'!BW41:BY41)/'Target Population'!G42*100 -> 0 | AL42: ='Raw Data'!BZ41 -> 93.25 | AM42: ='Raw Data'!CA41/('Raw Data'!BZ41*12)*100 -> 98.480786 | AN42: ='Raw Data'!CC41/('Raw Data'!CB41*12)*100 -> 100 | AO42: 11.1 | AP42: ='Raw Data'!CD41 -> 0 | AQ42: ='Raw Data'!CE41 -> 0 | AR42: 4 | AS42: 50 | AT42: 0 | AU42: ='Top Ten Disease (OPD)'!HF42 -> 0 | AV42: ='Top Ten Disease (OPD)'!HD42 -> 0 | AW42: ='Raw Data'!CG41 -> 5 | AX42: ='Raw Data'!CO41+'Raw Data'!CP41 -> 0 | AY42: 0 | AZ42: ='Raw Data'!CR41+'Raw Data'!CS41 -> 15226 | BA42: =AZ42/'Target Population'!F42*100 -> 70.680531 | BB42: ='Raw Data'!CS41/'Raw Data'!CR41*100 -> 68.410574 | BC42: 100
A43: 105 | B43: District | C43: Province 1 | D43: Khotang | E43: KHOTANG | F43: 85.9 | G43: 90.4 | H43: 86.4 | I43: 86.7 | J43: 85.2 | K43: 78.3 | L43: 98.4 | M43: 87.3 | N43: 4.4 | O43: 72.4 | P43: ='Raw Data'!R42/'Raw Data'!P42*100 -> 93.113241 | Q43: 2.5 | R43: 91.9 | S43: 3.6 | T43: ='Raw Data'!Z42/'Target Population'!M43*100 -> 112.26753 | U43: ='Raw Data'!AA42/'Target Population'!N43*100 -> 111.58202 | V43: ='Raw Data'!AH42/'Target Population'!L43*100 -> 59.162944 | W43: ='Raw Data'!AI42/'Raw Data'!AH42*100 -> 95.083146 | X43: ='Raw Data'!AN42/'Target Population'!L43*1000 -> 1041.0019 | Y43: ='Raw Data'!AO42/'Target Population'!L43*1000 -> 105.45629 | Z43: ='Raw Data'!AO42/('Raw Data'!AJ42+'Raw Data'!AK42+'Raw Data'!AL42)*100 -> 21.111466 | AA43: =('Raw Data'!AP42+'Raw Data'!AQ42+'Raw Data'!AR42)/'Raw Data'!AO42*100 -> 101.21029 | AB43: 106.1 | AC43: 62.1 | AD43: 62.3 | AE43: 32.8 | AF43: 21.2 | AG43: ='Raw Data'!BC42+'Raw Data'!BD42+'Raw Data'!BE42+'Raw Data'!BF42+'Raw Data'!BG42+'Raw Data'!BH42 -> 1 | AH43: ='Raw Data'!BQ42 -> 31 | AI43: ='Raw Data'!BI42+'Raw Data'!BJ42+'Raw Data'!BK42+'Raw Data'!BL42 -> 318 | AJ43: =('Raw Data'!BR42+'Raw Data'!BS42+'Raw Data'!BT42+'Raw Data'!BU42+'Raw Data'!BV42)/'Target Population'!Q43*100 -> 31.647239 | AK43: =SUM('Raw Data'!BW42:BY42)/'Target Population'!G43*100 -> 0.047709924 | AL43: ='Raw Data'!BZ42 -> 897.83333 | AM43: ='Raw Data'!CA42/('Raw Data'!BZ42*12)*100 -> 96.955634 | AN43: ='Raw Data'!CC42/('Raw Data'!CB42*12)*100 -> 92.982456 | AO43: 13.5 | AP43: ='Raw Data'!CD42 -> 476 | AQ43: ='Raw Data'!CE42 -> 0 | AR43: 64 | AS43: 102.9 | AT43: 0 | AU43: ='Top Ten Disease (OPD)'!HF43 -> 5 | AV43: ='Top Ten Disease (OPD)'!HD43 -> 11 | AW43: ='Raw Data'!CG42 -> 45 | AX43: ='Raw Data'!CO42+'Raw Data'!CP42 -> 3 | AY43: 1.6 | AZ43: ='Raw Data'!CR42+'Raw Data'!CS42 -> 157374 | BA43: =AZ43/'Target Population'!F43*100 -> 85.757257 | BB43: ='Raw Data'!CS42/'Raw Data'!CR42*100 -> 81.880591 | BC43: 96.8
A44: 10501 | B44: Rural Municipality | C44: Province 1 | D44: Khotang | E44: Kepilasgadhi Rural Municipality | F44: 92.3 | G44: 100 | H44: 98.7 | I44: 98.7 | J44: 97.6 | K44: 84.4 | L44: 106.1 | M44: 91.9 | N44: 1.3 | O44: 67.4 | P44: ='Raw Data'!R43/'Raw Data'!P43*100 -> 87.649402 | Q44: 3.7 | R44: 78.9 | S44: 2.8 | T44: ='Raw Data'!Z43/'Target Population'!M44*100 -> 113.82561 | U44: ='Raw Data'!AA43/'Target Population'!N44*100 -> 109.34164 | V44: ='Raw Data'!AH43/'Target Population'!L44*100 -> 81.351161 | W44: ='Raw Data'!AI43/'Raw Data'!AH43*100 -> 94.550173 | X44: ='Raw Data'!AN43/'Target Population'!L44*1000 -> 1098.5222 | Y44: ='Raw Data'!AO43/'Target Population'!L44*1000 -> 125.96763 | Z44: ='Raw Data'!AO43/('Raw Data'!AJ43+'Raw Data'!AK43+'Raw Data'!AL43)*100 -> 18.723849 | AA44: =('Raw Data'!AP43+'Raw Data'!AQ43+'Raw Data'!AR43)/'Raw Data'!AO43*100 -> 85.47486 | AB44: 98.7 | AC44: 32.9 | AD44: 45.3 | AE44: 18.2 | AF44: 18.9 | AG44: ='Raw Data'!BC43+'Raw Data'!BD43+'Raw Data'!BE43+'Raw Data'!BF43+'Raw Data'!BG43+'Raw Data'!BH43 -> 0 | AH44: ='Raw Data'!BQ43 -> 3 | AI44: ='Raw Data'!BI43+'Raw Data'!BJ43+'Raw Data'!BK43+'Raw Data'!BL43 -> 15 | AJ44: =('Raw Data'!BR43+'Raw Data'!BS43+'Raw Data'!BT43+'Raw Data'!BU43+'Raw Data'!BV43)/'Target Population'!Q44*100 -> 19.708629 | AK44: =SUM('Raw Data'!BW43:BY43)/'Target Population'!G44*100 -> 0 | AL44: ='Raw Data'!BZ43 -> 75 | AM44: ='Raw Data'!CA43/('Raw Data'!BZ43*12)*100 -> 89.888889 | AN44: ='Raw Data'!CC43/('Raw Data'!CB43*12)*100 -> 93.333333 | AO44: 12.5 | AP44: ='Raw Data'!CD43 -> 0 | AQ44: ='Raw Data'!CE43 -> 0 | AR44: 2 | AS44: 66.7 | AT44: 0 | AU44: ='Top Ten Disease (OPD)'!HF44 -> 0 | AV44: ='Top Ten Disease (OPD)'!HD44 -> 10 | AW44: ='Raw Data'!CG43 -> 4 | AX44: ='Raw Data'!CO43+'Raw Data'!CP43 -> 0 | AY44: 0 | AZ44: ='Raw Data'!CR43+'Raw Data'!CS43 -> 12063 | BA44: =AZ44/'Target Population'!F44*100 -> 89.681065 | BB44: ='Raw Data'!CS43/'Raw Data'!CR43*100 -> 83.467681 | BC44: 100
A45: 10502 | B45: Rural Municipality | C45: Province 1 | D45: Khotang | E45: Aiselukharka Rural Municipality | F45: 72.4 | G45: 83.2 | H45: 70.8 | I45: 72.1 | J45: 80.6 | K45: 76.1 | L45: 101.3 | M45: 88.9 | N45: 14.9 | O45: 64.6 | P45: ='Raw Data'!R44/'Raw Data'!P44*100 -> 92.857143 | Q45: 1.5 | R45: 90.1 | S45: 1.3 | T45: ='Raw Data'!Z44/'Target Population'!M45*100 -> 105.35855 | U45: ='Raw Data'!AA44/'Target Population'!N45*100 -> 101.9802 | V45: ='Raw Data'!AH44/'Target Population'!L45*100 -> 43.899018 | W45: ='Raw Data'!AI44/'Raw Data'!AH44*100 -> 100.15974 | X45: ='Raw Data'!AN44/'Target Population'!L45*1000 -> 882.8892 | Y45: ='Raw Data'!AO44/'Target Population'!L45*1000 -> 82.047686 | Z45: ='Raw Data'!AO44/('Raw Data'!AJ44+'Raw Data'!AK44+'Raw Data'!AL44)*100 -> 15.214564 | AA45: =('Raw Data'!AP44+'Raw Data'!AQ44+'Raw Data'!AR44)/'Raw Data'!AO44*100 -> 100 | AB45: 81.8 | AC45: 52.3 | AD45: 52.3 | AE45: 37.5 | AF45: 37.8 | AG45: ='Raw Data'!BC44+'Raw Data'!BD44+'Raw Data'!BE44+'Raw Data'!BF44+'Raw Data'!BG44+'Raw Data'!BH44 -> 0 | AH45: ='Raw Data'!BQ44 -> 2 | AI45: ='Raw Data'!BI44+'Raw Data'!BJ44+'Raw Data'!BK44+'Raw Data'!BL44 -> 0 | AJ45: =('Raw Data'!BR44+'Raw Data'!BS44+'Raw Data'!BT44+'Raw Data'!BU44+'Raw Data'!BV44)/'Target Population'!Q45*100 -> 25.372406 | AK45: =SUM('Raw Data'!BW44:BY44)/'Target Population'!G45*100 -> 0 | AL45: ='Raw Data'!BZ44 -> 79 | AM45: ='Raw Data'!CA44/('Raw Data'!BZ44*12)*100 -> 70.147679 | AN45: ='Raw Data'!CC44/('Raw Data'!CB44*12)*100 -> 98.75 | AO45: 11.2 | AP45: ='Raw Data'!CD44 -> 0 | AQ45: ='Raw Data'!CE44 -> 0 | AR45: 6 | AS45: 100 | AT45: 0 | AU45: ='Top Ten Disease (OPD)'!HF45 -> 0 | AV45: ='Top Ten Disease (OPD)'!HD45 -> 0 | AW45: ='Raw Data'!CG44 -> 9 | AX45: ='Raw Data'!CO44+'Raw Data'!CP44 -> 1 | AY45: 2.8 | AZ45: ='Raw Data'!CR44+'Raw Data'!CS44 -> 10624 | BA45: =AZ45/'Target Population'!F45*100 -> 74.575319 | BB45: ='Raw Data'!CS44/'Raw Data'!CR44*100 -> 84.57262 | BC45: 100
A46: 10503 | B46: Rural Municipality | C46: Province 1 | D46: Khotang | E46: Lamidanda Rural Municipality | F46: 73.5 | G46: 89.2 | H46: 82.7 | I46: 85 | J46: 80.8 | K46: 65 | L46: 89.9 | M46: 81.5 | N46: 7.3 | O46: 52.4 | P46: ='Raw Data'!R45/'Raw Data'!P45*100 -> 89.814815 | Q46: 0 | R46: 74.7 | S46: 3.6 | T46: ='Raw Data'!Z45/'Target Population'!M46*100 -> 107.97434 | U46: ='Raw Data'!AA45/'Target Population'!N46*100 -> 105.51509 | V46: ='Raw Data'!AH45/'Target Population'!L46*100 -> 41.031941 | W46: ='Raw Data'!AI45/'Raw Data'!AH45*100 -> 91.616766 | X46: ='Raw Data'!AN45/'Target Population'!L46*1000 -> 1154.7912 | Y46: ='Raw Data'!AO45/'Target Population'!L46*1000 -> 131.85913 | Z46: ='Raw Data'!AO45/('Raw Data'!AJ45+'Raw Data'!AK45+'Raw Data'!AL45)*100 -> 18.634259 | AA46: =('Raw Data'!AP45+'Raw Data'!AQ45+'Raw Data'!AR45)/'Raw Data'!AO45*100 -> 100 | AB46: 74 | AC46: 62.5 | AD46: 62.5 | AE46: 20.8 | AF46: 21.2 | AG46: ='Raw Data'!BC45+'Raw Data'!BD45+'Raw Data'!BE45+'Raw Data'!BF45+'Raw Data'!BG45+'Raw Data'!BH45 -> 0 | AH46: ='Raw Data'!BQ45 -> 3 | AI46: ='Raw Data'!BI45+'Raw Data'!BJ45+'Raw Data'!BK45+'Raw Data'!BL45 -> 0 | AJ46: =('Raw Data'!BR45+'Raw Data'!BS45+'Raw Data'!BT45+'Raw Data'!BU45+'Raw Data'!BV45)/'Target Population'!Q46*100 -> 20.255745 | AK46: =SUM('Raw Data'!BW45:BY45)/'Target Population'!G46*100 -> 0 | AL46: ='Raw Data'!BZ45 -> 76 | AM46: ='Raw Data'!CA45/('Raw Data'!BZ45*12)*100 -> 186.62281 | AN46: ='Raw Data'!CC45/('Raw Data'!CB45*12)*100 -> 96.759259 | AO46: 11.6 | AP46: ='Raw Data'!CD45 -> 0 | AQ46: ='Raw Data'!CE45 -> 0 | AR46: 6 | AS46: 133.3 | AT46: 0 | AU46: ='Top Ten Disease (OPD)'!HF46 -> 0 | AV46: ='Top Ten Disease (OPD)'!HD46 -> 0 | AW46: ='Raw Data'!CG45 -> 0 | AX46: ='Raw Data'!CO45+'Raw Data'!CP45 -> 0 | AY46: 0 | AZ46: ='Raw Data'!CR45+'Raw Data'!CS45 -> 7464 | BA46: =AZ46/'Target Population'!F46*100 -> 63.393919 | BB46: ='Raw Data'!CS45/'Raw Data'!CR45*100 -> 81.871345 | BC46: 100
A47: 10504 | B47: Municipality | C47: Province 1 | D47: Khotang | E47: Halesi Tuwachung Municipality | F47: 88.2 | G47: 98.6 | H47: 92.4 | I47: 93.1 | J47: 91.9 | K47: 82.8 | L47: 99.2 | M47: 97.2 | N47: 6.3 | O47: 90.6 | P47: ='Raw Data'!R46/'Raw Data'!P46*100 -> 92.401961 | Q47: 3 | R47: 105 | S47: 3 | T47: ='Raw Data'!Z46/'Target Population'!M47*100 -> 110.05104 | U47: ='Raw Data'!AA46/'Target Population'!N47*100 -> 110.23029 | V47: ='Raw Data'!AH46/'Target Population'!L47*100 -> 63.068783 | W47: ='Raw Data'!AI46/'Raw Data'!AH46*100 -> 95.134228 | X47: ='Raw Data'!AN46/'Target Population'!L47*1000 -> 989.06526 | Y47: ='Raw Data'!AO46/'Target Population'!L47*1000 -> 94.179894 | Z47: ='Raw Data'!AO46/('Raw Data'!AJ46+'Raw Data'!AK46+'Raw Data'!AL46)*100 -> 21.957237 | AA47: =('Raw Data'!AP46+'Raw Data'!AQ46+'Raw Data'!AR46)/'Raw Data'!AO46*100 -> 108.98876 | AB47: 103.9 | AC47: 72.7 | AD47: 70.3 | AE47: 49.2 | AF47: 41.4 | AG47: ='Raw Data'!BC46+'Raw Data'!BD46+'Raw Data'!BE46+'Raw Data'!BF46+'Raw Data'!BG46+'Raw Data'!BH46 -> 1 | AH47: ='Raw Data'!BQ46 -> 8 | AI47: ='Raw Data'!BI46+'Raw Data'!BJ46+'Raw Data'!BK46+'Raw Data'!BL46 -> 68 | AJ47: =('Raw Data'!BR46+'Raw Data'!BS46+'Raw Data'!BT46+'Raw Data'!BU46+'Raw Data'!BV46)/'Target Population'!Q47*100 -> 26.714808 | AK47: =SUM('Raw Data'!BW46:BY46)/'Target Population'!G47*100 -> 0.33557047 | AL47: ='Raw Data'!BZ46 -> 127.75 | AM47: ='Raw Data'!CA46/('Raw Data'!BZ46*12)*100 -> 94.324853 | AN47: ='Raw Data'!CC46/('Raw Data'!CB46*12)*100 -> 100 | AO47: 16.5 | AP47: ='Raw Data'!CD46 -> 0 | AQ47: ='Raw Data'!CE46 -> 0 | AR47: 15 | AS47: 100 | AT47: 0 | AU47: ='Top Ten Disease (OPD)'!HF47 -> 5 | AV47: ='Top Ten Disease (OPD)'!HD47 -> 0 | AW47: ='Raw Data'!CG46 -> 3 | AX47: ='Raw Data'!CO46+'Raw Data'!CP46 -> 0 | AY47: 0 | AZ47: ='Raw Data'!CR46+'Raw Data'!CS46 -> 25661 | BA47: =AZ47/'Target Population'!F47*100 -> 98.400951 | BB47: ='Raw Data'!CS46/'Raw Data'!CR46*100 -> 84.877522 | BC47: 88.5
A48: 10505 | B48: Municipality | C48: Province 1 | D48: Khotang | E48: Rupakot Majhuwagadhi Municipality | F48: 97.5 | G48: 95.6 | H48: 95 | I48: 94.4 | J48: 96.8 | K48: 97.7 | L48: 117.5 | M48: 97.9 | N48: 0.65 | O48: 86.4 | P48: ='Raw Data'!R47/'Raw Data'!P47*100 -> 91.428571 | Q48: 3.8 | R48: 110.7 | S48: 7.8 | T48: ='Raw Data'!Z47/'Target Population'!M48*100 -> 137.22668 | U48: ='Raw Data'!AA47/'Target Population'!N48*100 -> 136.20415 | V48: ='Raw Data'!AH47/'Target Population'!L48*100 -> 61.724475 | W48: ='Raw Data'!AI47/'Raw Data'!AH47*100 -> 98.931539 | X48: ='Raw Data'!AN47/'Target Population'!L48*1000 -> 1068.1485 | Y48: ='Raw Data'!AO47/'Target Population'!L48*1000 -> 93.063019 | Z48: ='Raw Data'!AO47/('Raw Data'!AJ47+'Raw Data'!AK47+'Raw Data'!AL47)*100 -> 19.359756 | AA48: =('Raw Data'!AP47+'Raw Data'!AQ47+'Raw Data'!AR47)/'Raw Data'!AO47*100 -> 99.737533 | AB48: 173.2 | AC48: 91.3 | AD48: 88.1 | AE48: 66.9 | AF48: 12.1 | AG48: ='Raw Data'!BC47+'Raw Data'!BD47+'Raw Data'!BE47+'Raw Data'!BF47+'Raw Data'!BG47+'Raw Data'!BH47 -> 0 | AH48: ='Raw Data'!BQ47 -> 4 | AI48: ='Raw Data'!BI47+'Raw Data'!BJ47+'Raw Data'!BK47+'Raw Data'!BL47 -> 213 | AJ48: =('Raw Data'!BR47+'Raw Data'!BS47+'Raw Data'!BT47+'Raw Data'!BU47+'Raw Data'!BV47)/'Target Population'!Q48*100 -> 62.621353 | AK48: =SUM('Raw Data'!BW47:BY47)/'Target Population'!G48*100 -> 0 | AL48: ='Raw Data'!BZ47 -> 158.91667 | AM48: ='Raw Data'!CA47/('Raw Data'!BZ47*12)*100 -> 129.1033 | AN48: ='Raw Data'!CC47/('Raw Data'!CB47*12)*100 -> 81.504065 | AO48: 15 | AP48: ='Raw Data'!CD47 -> 476 | AQ48: ='Raw Data'!CE47 -> 0 | AR48: 16 | AS48: 110 | AT48: 0 | AU48: ='Top Ten Disease (OPD)'!HF48 -> 0 | AV48: ='Top Ten Disease (OPD)'!HD48 -> 0 | AW48: ='Raw Data'!CG47 -> 5 | AX48: ='Raw Data'!CO47+'Raw Data'!CP47 -> 2 | AY48: 3.9 | AZ48: ='Raw Data'!CR47+'Raw Data'!CS47 -> 41806 | BA48: =AZ48/'Target Population'!F48*100 -> 96.449417 | BB48: ='Raw Data'!CS47/'Raw Data'!CR47*100 -> 77.279281 | BC48: 92.8
A49: 10506 | B49: Rural Municipality | C49: Province 1 | D49: Khotang | E49: Sakela Rural Municipality | F49: 85.9 | G49: 97.4 | H49: 91.6 | I49: 91.6 | J49: 94.7 | K49: 94.8 | L49: 123.6 | M49: 96 | N49: 5.9 | O49: 73.6 | P49: ='Raw Data'!R48/'Raw Data'!P48*100 -> 89.808917 | Q49: 0 | R49: 95.7 | S49: 1.8 | T49: ='Raw Data'!Z48/'Target Population'!M49*100 -> 107.05742 | U49: ='Raw Data'!AA48/'Target Population'!N49*100 -> 106.09418 | V49: ='Raw Data'!AH48/'Target Population'!L49*100 -> 66.91254 | W49: ='Raw Data'!AI48/'Raw Data'!AH48*100 -> 95.748031 | X49: ='Raw Data'!AN48/'Target Population'!L49*1000 -> 1199.157 | Y49: ='Raw Data'!AO48/'Target Population'!L49*1000 -> 126.44889 | Z49: ='Raw Data'!AO48/('Raw Data'!AJ48+'Raw Data'!AK48+'Raw Data'!AL48)*100 -> 21.466905 | AA49: =('Raw Data'!AP48+'Raw Data'!AQ48+'Raw Data'!AR48)/'Raw Data'!AO48*100 -> 102.5 | AB49: 90.2 | AC49: 62.6 | AD49: 62.1 | AE49: 13.6 | AF49: 20.9 | AG49: ='Raw Data'!BC48+'Raw Data'!BD48+'Raw Data'!BE48+'Raw Data'!BF48+'Raw Data'!BG48+'Raw Data'!BH48 -> 0 | AH49: ='Raw Data'!BQ48 -> 2 | AI49: ='Raw Data'!BI48+'Raw Data'!BJ48+'Raw Data'!BK48+'Raw Data'!BL48 -> 0 | AJ49: =('Raw Data'!BR48+'Raw Data'!BS48+'Raw Data'!BT48+'Raw Data'!BU48+'Raw Data'!BV48)/'Target Population'!Q49*100 -> 16.592179 | AK49: =SUM('Raw Data'!BW48:BY48)/'Target Population'!G49*100 -> 0 | AL49: ='Raw Data'!BZ48 -> 43 | AM49: ='Raw Data'!CA48/('Raw Data'!BZ48*12)*100 -> 90.891473 | AN49: ='Raw Data'!CC48/('Raw Data'!CB48*12)*100 -> 93.75 | AO49: 17.6 | AP49: ='Raw Data'!CD48 -> 0 | AQ49: ='Raw Data'!CE48 -> 0 | AR49: 1 | AS49: 100 | AT49: 0 | AU49: ='Top Ten Disease (OPD)'!HF49 -> 0 | AV49: ='Top Ten Disease (OPD)'!HD49 -> 0 | AW49: ='Raw Data'!CG48 -> 9 | AX49: ='Raw Data'!CO48+'Raw Data'!CP48 -> 0 | AY49: 0 | AZ49: ='Raw Data'!CR48+'Raw Data'!CS48 -> 7856 | BA49: =AZ49/'Target Population'!F49*100 -> 76.405369 | BB49: ='Raw Data'!CS48/'Raw Data'!CR48*100 -> 83.166239 | BC49: 100
A50: 10507 | B50: Rural Municipality | C50: Province 1 | D50: Khotang | E50: Diprung Rural Municipality | F50: 82.1 | G50: 89.4 | H50: 92.4 | I50: 93.4 | J50: 78.3 | K50: 65.9 | L50: 86.4 | M50: 71.2 | N50: -3.4 | O50: 62.8 | P50: ='Raw Data'!R49/'Raw Data'!P49*100 -> 92.063492 | Q50: 2.1 | R50: 91.8 | S50: 1.4 | T50: ='Raw Data'!Z49/'Target Population'!M50*100 -> 103.66762 | U50: ='Raw Data'!AA49/'Target Population'!N50*100 -> 104.84809 | V50: ='Raw Data'!AH49/'Target Population'!L50*100 -> 57.179619 | W50: ='Raw Data'!AI49/'Raw Data'!AH49*100 -> 98.559856 | X50: ='Raw Data'!AN49/'Target Population'!L50*1000 -> 906.84508 | Y50: ='Raw Data'!AO49/'Target Population'!L50*1000 -> 92.125579 | Z50: ='Raw Data'!AO49/('Raw Data'!AJ49+'Raw Data'!AK49+'Raw Data'!AL49)*100 -> 23.126615 | AA50: =('Raw Data'!AP49+'Raw Data'!AQ49+'Raw Data'!AR49)/'Raw Data'!AO49*100 -> 117.31844 | AB50: 83.9 | AC50: 43.3 | AD50: 46.2 | AE50: 11.5 | AF50: 13 | AG50: ='Raw Data'!BC49+'Raw Data'!BD49+'Raw Data'!BE49+'Raw Data'!BF49+'Raw Data'!BG49+'Raw Data'!BH49 -> 0 | AH50: ='Raw Data'!BQ49 -> 3 | AI50: ='Raw Data'!BI49+'Raw Data'!BJ49+'Raw Data'!BK49+'Raw Data'!BL49 -> 0 | AJ50: =('Raw Data'!BR49+'Raw Data'!BS49+'Raw Data'!BT49+'Raw Data'!BU49+'Raw Data'!BV49)/'Target Population'!Q50*100 -> 18.073102 | AK50: =SUM('Raw Data'!BW49:BY49)/'Target Population'!G50*100 -> 0 | AL50: ='Raw Data'!BZ49 -> 80 | AM50: ='Raw Data'!CA49/('Raw Data'!BZ49*12)*100 -> 80.3125 | AN50: ='Raw Data'!CC49/('Raw Data'!CB49*12)*100 -> 98.809524 | AO50: 13.8 | AP50: ='Raw Data'!CD49 -> 0 | AQ50: ='Raw Data'!CE49 -> 0 | AR50: 3 | AS50: 100 | AT50: 0 | AU50: ='Top Ten Disease (OPD)'!HF50 -> 0 | AV50: ='Top Ten Disease (OPD)'!HD50 -> 0 | AW50: ='Raw Data'!CG49 -> 0 | AX50: ='Raw Data'!CO49+'Raw Data'!CP49 -> 0 | AY50: 0 | AZ50: ='Raw Data'!CR49+'Raw Data'!CS49 -> 16891 | BA50: =AZ50/'Target Population'!F50*100 -> 94.236778 | BB50: ='Raw Data'!CS49/'Raw Data'!CR49*100 -> 83.697662 | BC50: 100
A51: 10508 | B51: Rural Municipality | C51: Province 1 | D51: Khotang | E51: Khotehang Rural Municipality | F51: 70.9 | G51: 77.7 | H51: 74.8 | I51: 74.8 | J51: 72 | K51: 65.8 | L51: 83.5 | M51: 74.1 | N51: 3.8 | O51: 69.2 | P51: ='Raw Data'!R50/'Raw Data'!P50*100 -> 97.530864 | Q51: 0 | R51: 71.1 | S51: 1.6 | T51: ='Raw Data'!Z50/'Target Population'!M51*100 -> 108.70044 | U51: ='Raw Data'!AA50/'Target Population'!N51*100 -> 109.77444 | V51: ='Raw Data'!AH50/'Target Population'!L51*100 -> 60.510806 | W51: ='Raw Data'!AI50/'Raw Data'!AH50*100 -> 87.987013 | X51: ='Raw Data'!AN50/'Target Population'!L51*1000 -> 916.99411 | Y51: ='Raw Data'!AO50/'Target Population'!L51*1000 -> 80.058939 | Z51: ='Raw Data'!AO50/('Raw Data'!AJ50+'Raw Data'!AK50+'Raw Data'!AL50)*100 -> 21.618037 | AA51: =('Raw Data'!AP50+'Raw Data'!AQ50+'Raw Data'!AR50)/'Raw Data'!AO50*100 -> 99.386503 | AB51: 86.2 | AC51: 47 | AD51: 46.6 | AE51: 7.7 | AF51: 23.7 | AG51: ='Raw Data'!BC50+'Raw Data'!BD50+'Raw Data'!BE50+'Raw Data'!BF50+'Raw Data'!BG50+'Raw Data'!BH50 -> 0 | AH51: ='Raw Data'!BQ50 -> 5 | AI51: ='Raw Data'!BI50+'Raw Data'!BJ50+'Raw Data'!BK50+'Raw Data'!BL50 -> 9 | AJ51: =('Raw Data'!BR50+'Raw Data'!BS50+'Raw Data'!BT50+'Raw Data'!BU50+'Raw Data'!BV50)/'Target Population'!Q51*100 -> 21.448996 | AK51: =SUM('Raw Data'!BW50:BY50)/'Target Population'!G51*100 -> 0 | AL51: ='Raw Data'!BZ50 -> 106.16667 | AM51: ='Raw Data'!CA50/('Raw Data'!BZ50*12)*100 -> 73.312402 | AN51: ='Raw Data'!CC50/('Raw Data'!CB50*12)*100 -> 91.358025 | AO51: 12 | AP51: ='Raw Data'!CD50 -> 0 | AQ51: ='Raw Data'!CE50 -> 0 | AR51: 9 | AS51: 100 | AT51: 0 | AU51: ='Top Ten Disease (OPD)'!HF51 -> 0 | AV51: ='Top Ten Disease (OPD)'!HD51 -> 0 | AW51: ='Raw Data'!CG50 -> 2 | AX51: ='Raw Data'!CO50+'Raw Data'!CP50 -> 0 | AY51: 0 | AZ51: ='Raw Data'!CR50+'Raw Data'!CS50 -> 14817 | BA51: =AZ51/'Target Population'!F51*100 -> 74.446063 | BB51: ='Raw Data'!CS50/'Raw Data'!CR50*100 -> 80.453051 | BC51: 100
... A72: 108 | B72: District | C72: Province 1 | D72: Terhathum | E72: TERHATHUM | F72: 76.4 | G72: 77 | H72: 75.9 | I72: 75.9 | J72: 81.8 | K72: 74.3 | L72: 89.2 | M72: 73.6 | N72: 1.4 | O72: 73.1 | P72: ='Raw Data'!R71/'Raw Data'!P71*100 -> 96.793997 | Q72: 4.2 | R72: 78.2 | S72: 1.5 | T72: ='Raw Data'!Z71/'Target Population'!M72*100 -> 73.470716 | U72: ='Raw Data'!AA71/'Target Population'!N72*100 -> 75.470297 | V72: ='Raw Data'!AH71/'Target Population'!L72*100 -> 59.758687 | W72: ='Raw Data'!AI71/'Raw Data'!AH71*100 -> 99.660798 | X72: ='Raw Data'!AN71/'Target Population'!L72*1000 -> 1142.5676 | Y72: ='Raw Data'!AO71/'Target Population'!L72*1000 -> 120.84942 | Z72: ='Raw Data'!AO71/('Raw Data'!AJ71+'Raw Data'!AK71+'Raw Data'!AL71)*100 -> 22.273617 | AA72: =('Raw Data'!AP71+'Raw Data'!AQ71+'Raw Data'!AR71)/'Raw Data'!AO71*100 -> 134.42492 | AB72: 73.3 | AC72: 35.2 | AD72: 36.2 | AE72: 34.4 | AF72: 6.1 | AG72: ='Raw Data'!BC71+'Raw Data'!BD71+'Raw Data'!BE71+'Raw Data'!BF71+'Raw Data'!BG71+'Raw Data'!BH71 -> 3 | AH72: ='Raw Data'!BQ71 -> 14 | AI72: ='Raw Data'!BI71+'Raw Data'!BJ71+'Raw Data'!BK71+'Raw Data'!BL71 -> 322 | AJ72: =('Raw Data'!BR71+'Raw Data'!BS71+'Raw Data'!BT71+'Raw Data'!BU71+'Raw Data'!BV71)/'Target Population'!Q72*100 -> 22.459887 | AK72: =SUM('Raw Data'!BW71:BY71)/'Target Population'!G72*100 -> 0.16977929 | AL72: ='Raw Data'!BZ71 -> 388.58333 | AM72: ='Raw Data'!CA71/('Raw Data'!BZ71*12)*100 -> 86.896848 | AN72: ='Raw Data'!CC71/('Raw Data'!CB71*12)*100 -> 94.082126 | AO72: 12.3 | AP72: ='Raw Data'!CD71 -> 0 | AQ72: ='Raw Data'!CE71 -> 0 | AR72: 20 | AS72: 75 | AT72: 0 | AU72: ='Top Ten Disease (OPD)'!HF72 -> 1 | AV72: ='Top Ten Disease (OPD)'!HD72 -> 0 | AW72: ='Raw Data'!CG71 -> 26 | AX72: ='Raw Data'!CO71+'Raw Data'!CP71 -> 2 | AY72: 1.7 | AZ72: ='Raw Data'!CR71+'Raw Data'!CS71 -> 91613 | BA72: =AZ72/'Target Population'!F72*100 -> 90.489125 | BB72: ='Raw Data'!CS71/'Raw Data'!CR71*100 -> 86.683376 | BC72: 100
A73: 10801 | B73: Rural Municipality | C73: Province 1 | D73: Terhathum | E73: Aatharai Rural Municipality | F73: 66.9 | G73: 74.3 | H73: 70.4 | I73: 70.8 | J73: 79.9 | K73: 68.2 | L73: 87.1 | M73: 71.7 | N73: 5.2 | O73: 50.9 | P73: ='Raw Data'!R72/'Raw Data'!P72*100 -> 100 | Q73: 0 | R73: 63.1 | S73: 1.2 | T73: ='Raw Data'!Z72/'Target Population'!M73*100 -> 74.068627 | U73: ='Raw Data'!AA72/'Target Population'!N73*100 -> 75.222717 | V73: ='Raw Data'!AH72/'Target Population'!L73*100 -> 85.238721 | W73: ='Raw Data'!AI72/'Raw Data'!AH72*100 -> 101.43885 | X73: ='Raw Data'!AN72/'Target Population'!L73*1000 -> 1250.9855 | Y73: ='Raw Data'!AO72/'Target Population'!L73*1000 -> 84.975909 | Z73: ='Raw Data'!AO72/('Raw Data'!AJ72+'Raw Data'!AK72+'Raw Data'!AL72)*100 -> 23.803681 | AA73: =('Raw Data'!AP72+'Raw Data'!AQ72+'Raw Data'!AR72)/'Raw Data'!AO72*100 -> 132.47423 | AB73: 54.1 | AC73: 17.9 | AD73: 16.7 | AE73: 15.7 | AF73: 4.4 | AG73: ='Raw Data'!BC72+'Raw Data'!BD72+'Raw Data'!BE72+'Raw Data'!BF72+'Raw Data'!BG72+'Raw Data'!BH72 -> 0 | AH73: ='Raw Data'!BQ72 -> 1 | AI73: ='Raw Data'!BI72+'Raw Data'!BJ72+'Raw Data'!BK72+'Raw Data'!BL72 -> 44 | AJ73: =('Raw Data'!BR72+'Raw Data'!BS72+'Raw Data'!BT72+'Raw Data'!BU72+'Raw Data'!BV72)/'Target Population'!Q73*100 -> 18.812924 | AK73: =SUM('Raw Data'!BW72:BY72)/'Target Population'!G73*100 -> 0 | AL73: ='Raw Data'!BZ72 -> 93 | AM73: ='Raw Data'!CA72/('Raw Data'!BZ72*12)*100 -> 77.419355 | AN73: ='Raw Data'!CC72/('Raw Data'!CB72*12)*100 -> 90.05848 | AO73: 16.7 | AP73: ='Raw Data'!CD72 -> 0 | AQ73: ='Raw Data'!CE72 -> 0 | AR73: 1 | AT73: 0 | AU73: ='Top Ten Disease (OPD)'!HF73 -> 0 | AV73: ='Top Ten Disease (OPD)'!HD73 -> 0 | AW73: ='Raw Data'!CG72 -> 5 | AX73: ='Raw Data'!CO72+'Raw Data'!CP72 -> 0 | AY73: 1.9 | AZ73: ='Raw Data'!CR72+'Raw Data'!CS72 -> 13351 | BA73: =AZ73/'Target Population'!F73*100 -> 61.767291 | BB73: ='Raw Data'!CS72/'Raw Data'!CR72*100 -> 85.791817 | BC73: 100
A74: 10802 | B74: Rural Municipality | C74: Province 1 | D74: Terhathum | E74: Phedap Rural Municipality | F74: 63.7 | G74: 84.5 | H74: 88.3 | I74: 88.3 | J74: 107.4 | K74: 73.8 | L74: 81.1 | M74: 69.5 | N74: -4.5 | O74: 59.5 | P74: ='Raw Data'!R73/'Raw Data'!P73*100 -> 100 | Q74: 6.6 | R74: 66.6 | S74: 5.9 | T74: ='Raw Data'!Z73/'Target Population'!M74*100 -> 55.931122 | U74: ='Raw Data'!AA73/'Target Population'!N74*100 -> 56.81984 | V74: ='Raw Data'!AH73/'Target Population'!L74*100 -> 77.847025 | W74: ='Raw Data'!AI73/'Raw Data'!AH73*100 -> 99.490539 | X74: ='Raw Data'!AN73/'Target Population'!L74*1000 -> 1092.9178 | Y74: ='Raw Data'!AO73/'Target Population'!L74*1000 -> 174.50425 | Z74: ='Raw Data'!AO73/('Raw Data'!AJ73+'Raw Data'!AK73+'Raw Data'!AL73)*100 -> 29.81607 | AA74: =('Raw Data'!AP73+'Raw Data'!AQ73+'Raw Data'!AR73)/'Raw Data'!AO73*100 -> 128.57143 | AB74: 71.3 | AC74: 28.7 | AD74: 27.3 | AE74: 17.9 | AF74: 2 | AG74: ='Raw Data'!BC73+'Raw Data'!BD73+'Raw Data'!BE73+'Raw Data'!BF73+'Raw Data'!BG73+'Raw Data'!BH73 -> 0 | AH74: ='Raw Data'!BQ73 -> 3 | AI74: ='Raw Data'!BI73+'Raw Data'!BJ73+'Raw Data'!BK73+'Raw Data'!BL73 -> 37 | AJ74: =('Raw Data'!BR73+'Raw Data'!BS73+'Raw Data'!BT73+'Raw Data'!BU73+'Raw Data'!BV73)/'Target Population'!Q74*100 -> 17.320195 | AK74: =SUM('Raw Data'!BW73:BY73)/'Target Population'!G74*100 -> 0 | AL74: ='Raw Data'!BZ73 -> 74 | AM74: ='Raw Data'!CA73/('Raw Data'!BZ73*12)*100 -> 85.698198 | AN74: ='Raw Data'!CC73/('Raw Data'!CB73*12)*100 -> 88.617886 | AO74: 10.9 | AP74: ='Raw Data'!CD73 -> 0 | AQ74: ='Raw Data'!CE73 -> 0 | AR74: 3 | AT74: 0 | AU74: ='Top Ten Disease (OPD)'!HF74 -> 1 | AV74: ='Top Ten Disease (OPD)'!HD74 -> 0 | AW74: ='Raw Data'!CG73 -> 16 | AX74: ='Raw Data'!CO73+'Raw Data'!CP73 -> 1 | AY74: 2.3 | AZ74: ='Raw Data'!CR73+'Raw Data'!CS73 -> 17748 | BA74: =AZ74/'Target Population'!F74*100 -> 101.43453 | BB74: ='Raw Data'!CS73/'Raw Data'!CR73*100 -> 87.551516 | BC74: 100
A75: 10803 | B75: Rural Municipality | C75: Province 1 | D75: Terhathum | E75: Menchhayayem Rural Municipality | F75: 75.7 | G75: 79.6 | H75: 80.7 | I75: 80.7 | J75: 84.5 | K75: 73.3 | L75: 91.1 | M75: 73.5 | N75: -1.4 | O75: 69.5 | P75: ='Raw Data'!R74/'Raw Data'!P74*100 -> 100 | Q75: 6.4 | R75: 74.8 | S75: 0.4 | T75: ='Raw Data'!Z74/'Target Population'!M75*100 -> 58.130602 | U75: ='Raw Data'!AA74/'Target Population'!N75*100 -> 58.550725 | V75: ='Raw Data'!AH74/'Target Population'!L75*100 -> 67.508611 | W75: ='Raw Data'!AI74/'Raw Data'!AH74*100 -> 105.10204 | X75: ='Raw Data'!AN74/'Target Population'!L75*1000 -> 1373.1343 | Y75: ='Raw Data'!AO74/'Target Population'!L75*1000 -> 180.25258 | Z75: ='Raw Data'!AO74/('Raw Data'!AJ74+'Raw Data'!AK74+'Raw Data'!AL74)*100 -> 24.646782 | AA75: =('Raw Data'!AP74+'Raw Data'!AQ74+'Raw Data'!AR74)/'Raw Data'!AO74*100 -> 103.82166 | AB75: 89.3 | AC75: 28.3 | AD75: 28.9 | AE75: 25.7 | AF75: 1.1 | AG75: ='Raw Data'!BC74+'Raw Data'!BD74+'Raw Data'!BE74+'Raw Data'!BF74+'Raw Data'!BG74+'Raw Data'!BH74 -> 0 | AH75: ='Raw Data'!BQ74 -> 1 | AI75: ='Raw Data'!BI74+'Raw Data'!BJ74+'Raw Data'!BK74+'Raw Data'!BL74 -> 24 | AJ75: =('Raw Data'!BR74+'Raw Data'!BS74+'Raw Data'!BT74+'Raw Data'!BU74+'Raw Data'!BV74)/'Target Population'!Q75*100 -> 18.729916 | AK75: =SUM('Raw Data'!BW74:BY74)/'Target Population'!G75*100 -> 0 | AL75: ='Raw Data'!BZ74 -> 35.75 | AM75: ='Raw Data'!CA74/('Raw Data'!BZ74*12)*100 -> 75.757576 | AN75: ='Raw Data'!CC74/('Raw Data'!CB74*12)*100 -> 94.285714 | AO75: 8.2 | AP75: ='Raw Data'!CD74 -> 0 | AQ75: ='Raw Data'!CE74 -> 0 | AR75: 4 | AS75: 100 | AT75: 0 | AU75: ='Top Ten Disease (OPD)'!HF75 -> 0 | AV75: ='Top Ten Disease (OPD)'!HD75 -> 0 | AW75: ='Raw Data'!CG74 -> 0 | AX75: ='Raw Data'!CO74+'Raw Data'!CP74 -> 0 | AY75: 0 | AZ75: ='Raw Data'!CR74+'Raw Data'!CS74 -> 8533 | BA75: =AZ75/'Target Population'!F75*100 -> 105.9342 | BB75: ='Raw Data'!CS74/'Raw Data'!CR74*100 -> 90.511275 | BC75: 100
A76: 10804 | B76: Municipality | C76: Province 1 | D76: Terhathum | E76: Myanglung Municipality | F76: 91.8 | G76: 73.3 | H76: 70.3 | I76: 72 | J76: 73.5 | K76: 85.8 | L76: 105.3 | M76: 80 | N76: 4.1 | O76: 130 | P76: ='Raw Data'!R75/'Raw Data'!P75*100 -> 93.485342 | Q76: 4.8 | R76: 117.2 | S76: 0.9 | T76: ='Raw Data'!Z75/'Target Population'!M76*100 -> 70.830946 | U76: ='Raw Data'!AA75/'Target Population'!N76*100 -> 74.851485 | V76: ='Raw Data'!AH75/'Target Population'!L76*100 -> 47.448206 | W76: ='Raw Data'!AI75/'Raw Data'!AH75*100 -> 97.763578 | X76: ='Raw Data'!AN75/'Target Population'!L76*1000 -> 1101.0611 | Y76: ='Raw Data'!AO75/'Target Population'!L76*1000 -> 100.05053 | Z76: ='Raw Data'!AO75/('Raw Data'!AJ75+'Raw Data'!AK75+'Raw Data'!AL75)*100 -> 15.045593 | AA76: =('Raw Data'!AP75+'Raw Data'!AQ75+'Raw Data'!AR75)/'Raw Data'!AO75*100 -> 162.12121 | AB76: 88.1 | AC76: 65.6 | AD76: 69.6 | AE76: 92.1 | AF76: 21 | AG76: ='Raw Data'!BC75+'Raw Data'!BD75+'Raw Data'!BE75+'Raw Data'!BF75+'Raw Data'!BG75+'Raw Data'!BH75 -> 1 | AH76: ='Raw Data'!BQ75 -> 5 | AI76: ='Raw Data'!BI75+'Raw Data'!BJ75+'Raw Data'!BK75+'Raw Data'!BL75 -> 164 | AJ76: =('Raw Data'!BR75+'Raw Data'!BS75+'Raw Data'!BT75+'Raw Data'!BU75+'Raw Data'!BV75)/'Target Population'!Q76*100 -> 38.881064 | AK76: =SUM('Raw Data'!BW75:BY75)/'Target Population'!G76*100 -> 0.83333333 | AL76: ='Raw Data'!BZ75 -> 55.916667 | AM76: ='Raw Data'!CA75/('Raw Data'!BZ75*12)*100 -> 97.466468 | AN76: ='Raw Data'!CC75/('Raw Data'!CB75*12)*100 -> 94.680851 | AO76: 10.7 | AP76: ='Raw Data'!CD75 -> 0 | AQ76: ='Raw Data'!CE75 -> 0 | AR76: 7 | AS76: 50 | AT76: 0 | AU76: ='Top Ten Disease (OPD)'!HF76 -> 0 | AV76: ='Top Ten Disease (OPD)'!HD76 -> 0 | AW76: ='Raw Data'!CG75 -> 4 | AX76: ='Raw Data'!CO75+'Raw Data'!CP75 -> 1 | AY76: 1.5 | AZ76: ='Raw Data'!CR75+'Raw Data'!CS75 -> 21373 | BA76: =AZ76/'Target Population'!F76*100 -> 103.7625 | BB76: ='Raw Data'!CS75/'Raw Data'!CR75*100 -> 83.695746 | BC76: 100
A77: 10805 | B77: Municipality | C77: Province 1 | D77: Terhathum | E77: Laligurans Municipality | F77: 74.8 | G77: 79.3 | H77: 81.6 | I77: 81.6 | J77: 74.5 | K77: 65.6 | L77: 78.2 | M77: 72.7 | N77: -3 | O77: 54.3 | P77: ='Raw Data'!R76/'Raw Data'!P76*100 -> 92.957746 | Q77: 0 | R77: 72.9 | S77: 0.2 | T77: ='Raw Data'!Z76/'Target Population'!M77*100 -> 80.294659 | U77: ='Raw Data'!AA76/'Target Population'!N77*100 -> 82.892907 | V77: ='Raw Data'!AH76/'Target Population'!L77*100 -> 42.166025 | W77: ='Raw Data'!AI76/'Raw Data'!AH76*100 -> 94.915254 | X77: ='Raw Data'!AN76/'Target Population'!L77*1000 -> 1317.757 | Y77: ='Raw Data'!AO76/'Target Population'!L77*1000 -> 155.57999 | Z77: ='Raw Data'!AO76/('Raw Data'!AJ76+'Raw Data'!AK76+'Raw Data'!AL76)*100 -> 28.047572 | AA77: =('Raw Data'!AP76+'Raw Data'!AQ76+'Raw Data'!AR76)/'Raw Data'!AO76*100 -> 121.55477 | AB77: 71.3 | AC77: 32.2 | AD77: 35 | AE77: 21.1 | AF77: 0.25 | AG77: ='Raw Data'!BC76+'Raw Data'!BD76+'Raw Data'!BE76+'Raw Data'!BF76+'Raw Data'!BG76+'Raw Data'!BH76 -> 1 | AH77: ='Raw Data'!BQ76 -> 1 | AI77: ='Raw Data'!BI76+'Raw Data'!BJ76+'Raw Data'!BK76+'Raw Data'!BL76 -> 31 | AJ77: =('Raw Data'!BR76+'Raw Data'!BS76+'Raw Data'!BT76+'Raw Data'!BU76+'Raw Data'!BV76)/'Target Population'!Q77*100 -> 18.229729 | AK77: =SUM('Raw Data'!BW76:BY76)/'Target Population'!G77*100 -> 0 | AL77: ='Raw Data'!BZ76 -> 60.916667 | AM77: ='Raw Data'!CA76/('Raw Data'!BZ76*12)*100 -> 96.580027 | AN77: ='Raw Data'!CC76/('Raw Data'!CB76*12)*100 -> 98.4375 | AO77: 12.1 | AP77: ='Raw Data'!CD76 -> 0 | AQ77: ='Raw Data'!CE76 -> 0 | AR77: 0 | AT77: 0 | AU77: ='Top Ten Disease (OPD)'!HF77 -> 0 | AV77: ='Top Ten Disease (OPD)'!HD77 -> 0 | AW77: ='Raw Data'!CG76 -> 1 | AX77: ='Raw Data'!CO76+'Raw Data'!CP76 -> 0 | AY77: 3.5 | AZ77: ='Raw Data'!CR76+'Raw Data'!CS76 -> 12875 | BA77: =AZ77/'Target Population'!F77*100 -> 76.102376 | BB77: ='Raw Data'!CS76/'Raw Data'!CR76*100 -> 82.624113 | BC77: 100
A78: 10806 | B78: Rural Municipality | C78: Province 1 | D78: Terhathum | E78: Chhathar Rural Municipality | F78: 85 | G78: 73.7 | H78: 68.9 | I78: 66 | J78: 73.7 | K78: 80.2 | L78: 93.3 | M78: 73.5 | N78: 6.5 | O78: 66.8 | P78: ='Raw Data'!R77/'Raw Data'!P77*100 -> 95.652174 | Q78: 6 | R78: 70.8 | S78: 1 | T78: ='Raw Data'!Z77/'Target Population'!M78*100 -> 95.264242 | U78: ='Raw Data'!AA77/'Target Population'!N78*100 -> 97.480315 | V78: ='Raw Data'!AH77/'Target Population'!L78*100 -> 35.118685 | W78: ='Raw Data'!AI77/'Raw Data'!AH77*100 -> 97.920277 | X78: ='Raw Data'!AN77/'Target Population'!L78*1000 -> 779.06269 | Y78: ='Raw Data'!AO77/'Target Population'!L78*1000 -> 68.167985 | Z78: ='Raw Data'!AO77/('Raw Data'!AJ77+'Raw Data'!AK77+'Raw Data'!AL77)*100 -> 13.810111 | AA78: =('Raw Data'!AP77+'Raw Data'!AQ77+'Raw Data'!AR77)/'Raw Data'!AO77*100 -> 180.35714 | AB78: 76.1 | AC78: 33 | AD78: 34.5 | AE78: 22.3 | AF78: 2.6 | AG78: ='Raw Data'!BC77+'Raw Data'!BD77+'Raw Data'!BE77+'Raw Data'!BF77+'Raw Data'!BG77+'Raw Data'!BH77 -> 1 | AH78: ='Raw Data'!BQ77 -> 3 | AI78: ='Raw Data'!BI77+'Raw Data'!BJ77+'Raw Data'!BK77+'Raw Data'!BL77 -> 22 | AJ78: =('Raw Data'!BR77+'Raw Data'!BS77+'Raw Data'!BT77+'Raw Data'!BU77+'Raw Data'!BV77)/'Target Population'!Q78*100 -> 18.512676 | AK78: =SUM('Raw Data'!BW77:BY77)/'Target Population'!G78*100 -> 0 | AL78: ='Raw Data'!BZ77 -> 69 | AM78: ='Raw Data'!CA77/('Raw Data'!BZ77*12)*100 -> 89.613527 | AN78: ='Raw Data'!CC77/('Raw Data'!CB77*12)*100 -> 98.648649 | AO78: 12.7 | AP78: ='Raw Data'!CD77 -> 0 | AQ78: ='Raw Data'!CE77 -> 0 | AR78: 5 | AS78: 100 | AT78: 0 | AU78: ='Top Ten Disease (OPD)'!HF78 -> 0 | AV78: ='Top Ten Disease (OPD)'!HD78 -> 0 | AW78: ='Raw Data'!CG77 -> 0 | AX78: ='Raw Data'!CO77+'Raw Data'!CP77 -> 0 | AY78: 0 | AZ78: ='Raw Data'!CR77+'Raw Data'!CS77 -> 17733 | BA78: =AZ78/'Target Population'!F78*100 -> 107.0898 | BB78: ='Raw Data'!CS77/'Raw Data'!CR77*100 -> 91.480402 | BC78: 100
A79: 109 | B79: District | C79: Province 1 | D79: Panchthar | E79: PANCHTHAR | F79: 82.8 | G79: 85.1 | H79: 84.2 | I79: 84.2 | J79: 85.2 | K79: 73.6 | L79: 81 | M79: 77.9 | N79: 1.1 | O79: 61.5 | P79: ='Raw Data'!R78/'Raw Data'!P78*100 -> 98.441154 | Q79: 5.9 | R79: 75.3 | S79: 2.3 | T79: ='Raw Data'!Z78/'Target Population'!M79*100 -> 88.241537 | U79: ='Raw Data'!AA78/'Target Population'!N79*100 -> 94.257186 | V79: ='Raw Data'!AH78/'Target Population'!L79*100 -> 36.762948 | W79: ='Raw Data'!AI78/'Raw Data'!AH78*100 -> 97.222975 | X79: ='Raw Data'!AN78/'Target Population'!L79*1000 -> 1024.1036 | Y79: ='Raw Data'!AO78/'Target Population'!L79*1000 -> 151.19522 | Z79: ='Raw Data'!AO78/('Raw Data'!AJ78+'Raw Data'!AK78+'Raw Data'!AL78)*100 -> 26.386233 | AA79: =('Raw Data'!AP78+'Raw Data'!AQ78+'Raw Data'!AR78)/'Raw Data'!AO78*100 -> 131.81818 | AB79: 75.2 | AC79: 38.7 | AD79: 39.4 | AE79: 38.4 | AF79: 9.5 | AG79: ='Raw Data'!BC78+'Raw Data'!BD78+'Raw Data'!BE78+'Raw Data'!BF78+'Raw Data'!BG78+'Raw Data'!BH78 -> 1 | AH79: ='Raw Data'!BQ78 -> 18 | AI79: ='Raw Data'!BI78+'Raw Data'!BJ78+'Raw Data'!BK78+'Raw Data'!BL78 -> 1617 | AJ79: =('Raw Data'!BR78+'Raw Data'!BS78+'Raw Data'!BT78+'Raw Data'!BU78+'Raw Data'!BV78)/'Target Population'!Q79*100 -> 30.573223 | AK79: =SUM('Raw Data'!BW78:BY78)/'Target Population'!G79*100 -> 0 | AL79: ='Raw Data'!BZ78 -> 385.41667 | AM79: ='Raw Data'!CA78/('Raw Data'!BZ78*12)*100 -> 84.605405 | AN79: ='Raw Data'!CC78/('Raw Data'!CB78*12)*100 -> 94.833333 | AO79: 15.6 | AP79: ='Raw Data'!CD78 -> 0 | AQ79: ='Raw Data'!CE78 -> 0 | AR79: 64 | AS79: 97.6 | AT79: 0 | AU79: ='Top Ten Disease (OPD)'!HF79 -> 0 | AV79: ='Top Ten Disease (OPD)'!HD79 -> 0 | AW79: ='Raw Data'!CG78 -> 83 | AX79: ='Raw Data'!CO78+'Raw Data'!CP78 -> 0 | AY79: 0.2 | AZ79: ='Raw Data'!CR78+'Raw Data'!CS78 -> 115221 | BA79: =AZ79/'Target Population'!F79*100 -> 58.774829 | BB79: ='Raw Data'!CS78/'Raw Data'!CR78*100 -> 82.725153 | BC79: 98.1
A80: 10901 | B80: Rural Municipality | C80: Province 1 | D80: Panchthar | E80: Yangbarak Rural Municipality | F80: 83.9 | G80: 81.5 | H80: 82.3 | I80: 82.3 | J80: 85.1 | K80: 78.6 | L80: 84.8 | M80: 81.3 | N80: -0.88 | O80: 49.9 | P80: ='Raw Data'!R79/'Raw Data'!P79*100 -> 100 | Q80: 3.4 | R80: 142.1 | S80: 1.7 | T80: ='Raw Data'!Z79/'Target Population'!M80*100 -> 101.15132 | U80: ='Raw Data'!AA79/'Target Population'!N80*100 -> 103.40557 | V80: ='Raw Data'!AH79/'Target Population'!L80*100 -> 44.438976 | W80: ='Raw Data'!AI79/'Raw Data'!AH79*100 -> 97.452935 | X80: ='Raw Data'!AN79/'Target Population'!L80*1000 -> 1291.3386 | Y80: ='Raw Data'!AO79/'Target Population'!L80*1000 -> 147.14567 | Z80: ='Raw Data'!AO79/('Raw Data'!AJ79+'Raw Data'!AK79+'Raw Data'!AL79)*100 -> 20.879888 | AA80: =('Raw Data'!AP79+'Raw Data'!AQ79+'Raw Data'!AR79)/'Raw Data'!AO79*100 -> 100 | AB80: 83.5 | AC80: 29.9 | AD80: 31.3 | AE80: 34.3 | AF80: 13.7 | AG80: ='Raw Data'!BC79+'Raw Data'!BD79+'Raw Data'!BE79+'Raw Data'!BF79+'Raw Data'!BG79+'Raw Data'!BH79 -> 0 | AH80: ='Raw Data'!BQ79 -> 1 | AI80: ='Raw Data'!BI79+'Raw Data'!BJ79+'Raw Data'!BK79+'Raw Data'!BL79 -> 163 | AJ80: =('Raw Data'!BR79+'Raw Data'!BS79+'Raw Data'!BT79+'Raw Data'!BU79+'Raw Data'!BV79)/'Target Population'!Q80*100 -> 33.759169 | AK80: =SUM('Raw Data'!BW79:BY79)/'Target Population'!G80*100 -> 0 | AL80: ='Raw Data'!BZ79 -> 44.916667 | AM80: ='Raw Data'!CA79/('Raw Data'!BZ79*12)*100 -> 82.560297 | AN80: ='Raw Data'!CC79/('Raw Data'!CB79*12)*100 -> 100 | AO80: 11.5 | AP80: ='Raw Data'!CD79 -> 0 | AQ80: ='Raw Data'!CE79 -> 0 | AR80: 1 | AS80: 100 | AT80: 0 | AU80: ='Top Ten Disease (OPD)'!HF80 -> 0 | AV80: ='Top Ten Disease (OPD)'!HD80 -> 0 | AW80: ='Raw Data'!CG79 -> 79 | AX80: ='Raw Data'!CO79+'Raw Data'!CP79 -> 0 | AY80: 0 | AZ80: ='Raw Data'!CR79+'Raw Data'!CS79 -> 15898 | BA80: =AZ80/'Target Population'!F80*100 -> 84.78029 | BB80: ='Raw Data'!CS79/'Raw Data'!CR79*100 -> 83.770662 | BC80: 100
A81: 10902 | B81: Rural Municipality | C81: Province 1 | D81: Panchthar | E81: Hilihan Rural Municipality | F81: 72.9 | G81: 79.3 | H81: 80.2 | I81: 80.6 | J81: 84.8 | K81: 61.3 | L81: 75.1 | M81: 75.4 | N81: -1.2 | O81: 61.7 | P81: ='Raw Data'!R80/'Raw Data'!P80*100 -> 100 | Q81: 5.8 | R81: 62.1 | S81: 8.5 | T81: ='Raw Data'!Z80/'Target Population'!M81*100 -> 87.69167 | U81: ='Raw Data'!AA80/'Target Population'!N81*100 -> 88.057621 | V81: ='Raw Data'!AH80/'Target Population'!L81*100 -> 25.589226 | W81: ='Raw Data'!AI80/'Raw Data'!AH80*100 -> 95.02924 | X81: ='Raw Data'!AN80/'Target Population'!L81*1000 -> 909.83913 | Y81: ='Raw Data'!AO80/'Target Population'!L81*1000 -> 113.72989 | Z81: ='Raw Data'!AO80/('Raw Data'!AJ80+'Raw Data'!AK80+'Raw Data'!AL80)*100 -> 26.229508 | AA81: =('Raw Data'!AP80+'Raw Data'!AQ80+'Raw Data'!AR80)/'Raw Data'!AO80*100 -> 132.56579 | AB81: 81.6 | AC81: 33.5 | AD81: 34.9 | AE81: 18.2 | AF81: 10.8 | AG81: ='Raw Data'!BC80+'Raw Data'!BD80+'Raw Data'!BE80+'Raw Data'!BF80+'Raw Data'!BG80+'Raw Data'!BH80 -> 0 | AH81: ='Raw Data'!BQ80 -> 3 | AI81: ='Raw Data'!BI80+'Raw Data'!BJ80+'Raw Data'!BK80+'Raw Data'!BL80 -> 84 | AJ81: =('Raw Data'!BR80+'Raw Data'!BS80+'Raw Data'!BT80+'Raw Data'!BU80+'Raw Data'!BV80)/'Target Population'!Q81*100 -> 20.364307 | AK81: =SUM('Raw Data'!BW80:BY80)/'Target Population'!G81*100 -> 0 | AL81: ='Raw Data'!BZ80 -> 34.833333 | AM81: ='Raw Data'!CA80/('Raw Data'!BZ80*12)*100 -> 87.799043 | AN81: ='Raw Data'!CC80/('Raw Data'!CB80*12)*100 -> 97.948718 | AO81: 13.1 | AP81: ='Raw Data'!CD80 -> 0 | AQ81: ='Raw Data'!CE80 -> 0 | AR81: 9 | AS81: 100 | AT81: 0 | AU81: ='Top Ten Disease (OPD)'!HF81 -> 0 | AV81: ='Top Ten Disease (OPD)'!HD81 -> 0 | AW81: ='Raw Data'!CG80 -> 0 | AX81: ='Raw Data'!CO80+'Raw Data'!CP80 -> 0 | AY81: 0 | AZ81: ='Raw Data'!CR80+'Raw Data'!CS80 -> 15661 | BA81: =AZ81/'Target Population'!F81*100 -> 66.796042 | BB81: ='Raw Data'!CS80/'Raw Data'!CR80*100 -> 78.778539 | BC81: 100
A82: 10903 | B82: Rural Municipality | C82: Province 1 | D82: Panchthar | E82: Falelung Rural Municipality | F82: 74 | G82: 77.8 | H82: 77.8 | I82: 77.8 | J82: 76 | K82: 74.5 | L82: 85.7 | M82: 78 | N82: 0 | O82: 50.8 | P82: ='Raw Data'!R81/'Raw Data'!P81*100 -> 100 | Q82: 2 | R82: 65.1 | S82: 2.2 | T82: ='Raw Data'!Z81/'Target Population'!M82*100 -> 84.663212 | U82: ='Raw Data'!AA81/'Target Population'!N82*100 -> 87.098692 | V82: ='Raw Data'!AH81/'Target Population'!L82*100 -> 44.490358 | W82: ='Raw Data'!AI81/'Raw Data'!AH81*100 -> 92.776058 | X82: ='Raw Data'!AN81/'Target Population'!L82*1000 -> 825.98714 | Y82: ='Raw Data'!AO81/'Target Population'!L82*1000 -> 67.493113 | Z82: ='Raw Data'!AO81/('Raw Data'!AJ81+'Raw Data'!AK81+'Raw Data'!AL81)*100 -> 16.207277 | AA82: =('Raw Data'!AP81+'Raw Data'!AQ81+'Raw Data'!AR81)/'Raw Data'!AO81*100 -> 163.94558 | AB82: 65.4 | AC82: 23 | AD82: 23.6 | AE82: 19.7 | AF82: 4.3 | AG82: ='Raw Data'!BC81+'Raw Data'!BD81+'Raw Data'!BE81+'Raw Data'!BF81+'Raw Data'!BG81+'Raw Data'!BH81 -> 0 | AH82: ='Raw Data'!BQ81 -> 3 | AI82: ='Raw Data'!BI81+'Raw Data'!BJ81+'Raw Data'!BK81+'Raw Data'!BL81 -> 62 | AJ82: =('Raw Data'!BR81+'Raw Data'!BS81+'Raw Data'!BT81+'Raw Data'!BU81+'Raw Data'!BV81)/'Target Population'!Q82*100 -> 30.747535 | AK82: =SUM('Raw Data'!BW81:BY81)/'Target Population'!G82*100 -> 0 | AL82: ='Raw Data'!BZ81 -> 38.25 | AM82: ='Raw Data'!CA81/('Raw Data'!BZ81*12)*100 -> 89.542484 | AN82: ='Raw Data'!CC81/('Raw Data'!CB81*12)*100 -> 98.214286 | AO82: 15 | AP82: ='Raw Data'!CD81 -> 0 | AQ82: ='Raw Data'!CE81 -> 0 | AR82: 6 | AS82: 100 | AT82: 0 | AU82: ='Top Ten Disease (OPD)'!HF82 -> 0 | AV82: ='Top Ten Disease (OPD)'!HD82 -> 0 | AW82: ='Raw Data'!CG81 -> 0 | AX82: ='Raw Data'!CO81+'Raw Data'!CP81 -> 0 | AY82: 1.8 | AZ82: ='Raw Data'!CR81+'Raw Data'!CS81 -> 10899 | BA82: =AZ82/'Target Population'!F82*100 -> 48.839398 | BB82: ='Raw Data'!CS81/'Raw Data'!CR81*100 -> 78.730731 | BC82: 100
A83: 10904 | B83: Municipality | C83: Province 1 | D83: Panchthar | E83: Phidim Municipality | F83: 92.4 | G83: 89.6 | H83: 89.6 | I83: 89.5 | J83: 87.7 | K83: 83.1 | L83: 92.2 | M83: 82.3 | N83: 0 | O83: 76.6 | P83: ='Raw Data'!R82/'Raw Data'!P82*100 -> 97.859922 | Q83: 7.9 | R83: 88.2 | S83: 1.2 | T83: ='Raw Data'!Z82/'Target Population'!M83*100 -> 76.851431 | U83: ='Raw Data'!AA82/'Target Population'!N83*100 -> 98.380778 | V83: ='Raw Data'!AH82/'Target Population'!L83*100 -> 37.020679 | W83: ='Raw Data'!AI82/'Raw Data'!AH82*100 -> 99.89154 | X83: ='Raw Data'!AN82/'Target Population'!L83*1000 -> 1154.1859 | Y83: ='Raw Data'!AO82/'Target Population'!L83*1000 -> 200.96366 | Z83: ='Raw Data'!AO82/('Raw Data'!AJ82+'Raw Data'!AK82+'Raw Data'!AL82)*100 -> 26.959332 | AA83: =('Raw Data'!AP82+'Raw Data'!AQ82+'Raw Data'!AR82)/'Raw Data'!AO82*100 -> 112.98701 | AB83: 84.7 | AC83: 55 | AD83: 55.6 | AE83: 83.8 | AF83: 4.9 | AG83: ='Raw Data'!BC82+'Raw Data'!BD82+'Raw Data'!BE82+'Raw Data'!BF82+'Raw Data'!BG82+'Raw Data'!BH82 -> 0 | AH83: ='Raw Data'!BQ82 -> 5 | AI83: ='Raw Data'!BI82+'Raw Data'!BJ82+'Raw Data'!BK82+'Raw Data'!BL82 -> 855 | AJ83: =('Raw Data'!BR82+'Raw Data'!BS82+'Raw Data'!BT82+'Raw Data'!BU82+'Raw Data'!BV82)/'Target Population'!Q83*100 -> 46.297704 | AK83: =SUM('Raw Data'!BW82:BY82)/'Target Population'!G83*100 -> 0 | AL83: ='Raw Data'!BZ82 -> 84.833333 | AM83: ='Raw Data'!CA82/('Raw Data'!BZ82*12)*100 -> 87.131631 | AN83: ='Raw Data'!CC82/('Raw Data'!CB82*12)*100 -> 94.039735 | AO83: 21.7 | AP83: ='Raw Data'!CD82 -> 0 | AQ83: ='Raw Data'!CE82 -> 0 | AR83: 19 | AS83: 91.7 | AT83: 0 | AU83: ='Top Ten Disease (OPD)'!HF83 -> 0 | AV83: ='Top Ten Disease (OPD)'!HD83 -> 0 | AW83: ='Raw Data'!CG82 -> 0 | AX83: ='Raw Data'!CO82+'Raw Data'!CP82 -> 0 | AY83: 0 | AZ83: ='Raw Data'!CR82+'Raw Data'!CS82 -> 19330 | BA83: =AZ83/'Target Population'!F83*100 -> 37.280617 | BB83: ='Raw Data'!CS82/'Raw Data'!CR82*100 -> 78.551635 | BC83: 90.9
A84: 10905 | B84: Rural Municipality | C84: Province 1 | D84: Panchthar | E84: Falgunanda Rural Municipality | F84: 96 | G84: 97.8 | H84: 100.2 | I84: 100.2 | J84: 95.4 | K84: 90.1 | L84: 81.1 | M84: 90.2 | N84: -2.4 | O84: 70.2 | P84: ='Raw Data'!R83/'Raw Data'!P83*100 -> 98.753894 | Q84: 2.6 | R84: 78.1 | S84: 0.6 | T84: ='Raw Data'!Z83/'Target Population'!M84*100 -> 97.382199 | U84: ='Raw Data'!AA83/'Target Population'!N84*100 -> 94.992563 | V84: ='Raw Data'!AH83/'Target Population'!L84*100 -> 45.791115 | W84: ='Raw Data'!AI83/'Raw Data'!AH83*100 -> 97.446809 | X84: ='Raw Data'!AN83/'Target Population'!L84*1000 -> 800.85737 | Y84: ='Raw Data'!AO83/'Target Population'!L84*1000 -> 118.86204 | Z84: ='Raw Data'!AO83/('Raw Data'!AJ83+'Raw Data'!AK83+'Raw Data'!AL83)*100 -> 27.183601 | AA84: =('Raw Data'!AP83+'Raw Data'!AQ83+'Raw Data'!AR83)/'Raw Data'!AO83*100 -> 212.45902 | AB84: 74.4 | AC84: 33.9 | AD84: 33.7 | AE84: 20.6 | AF84: 15 | AG84: ='Raw Data'!BC83+'Raw Data'!BD83+'Raw Data'!BE83+'Raw Data'!BF83+'Raw Data'!BG83+'Raw Data'!BH83 -> 0 | AH84: ='Raw Data'!BQ83 -> 2 | AI84: ='Raw Data'!BI83+'Raw Data'!BJ83+'Raw Data'!BK83+'Raw Data'!BL83 -> 143 | AJ84: =('Raw Data'!BR83+'Raw Data'!BS83+'Raw Data'!BT83+'Raw Data'!BU83+'Raw Data'!BV83)/'Target Population'!Q84*100 -> 29.338988 | AK84: =SUM('Raw Data'!BW83:BY83)/'Target Population'!G84*100 -> 0 | AL84: ='Raw Data'!BZ83 -> 53.25 | AM84: ='Raw Data'!CA83/('Raw Data'!BZ83*12)*100 -> 82.316119 | AN84: ='Raw Data'!CC83/('Raw Data'!CB83*12)*100 -> 91.967871 | AO84: 17.7 | AP84: ='Raw Data'!CD83 -> 0 | AQ84: ='Raw Data'!CE83 -> 0 | AR84: 8 | AS84: 100 | AT84: 0 | AU84: ='Top Ten Disease (OPD)'!HF84 -> 0 | AV84: ='Top Ten Disease (OPD)'!HD84 -> 0 | AW84: ='Raw Data'!CG83 -> 3 | AX84: ='Raw Data'!CO83+'Raw Data'!CP83 -> 0 | AY84: 0 | AZ84: ='Raw Data'!CR83+'Raw Data'!CS83 -> 16337 | BA84: =AZ84/'Target Population'!F84*100 -> 66.122961 | BB84: ='Raw Data'!CS83/'Raw Data'!CR83*100 -> 81.885994 | BC84: 100
A85: 10906 | B85: Rural Municipality | C85: Province 1 | D85: Panchthar | E85: Kummayak Rural Municipality | F85: 75.5 | G85: 75.2 | H85: 73.3 | I85: 73.8 | J85: 73 | K85: 59.5 | L85: 77.7 | M85: 67.2 | N85: 2.6 | O85: 54.1 | P85: ='Raw Data'!R84/'Raw Data'!P84*100 -> 95.708155 | Q85: 1.5 | R85: 46.3 | S85: 1.5 | T85: ='Raw Data'!Z84/'Target Population'!M85*100 -> 98.968363 | U85: ='Raw Data'!AA84/'Target Population'!N85*100 -> 105.11006 | V85: ='Raw Data'!AH84/'Target Population'!L85*100 -> 39.082569 | W85: ='Raw Data'!AI84/'Raw Data'!AH84*100 -> 95.931142 | X85: ='Raw Data'!AN84/'Target Population'!L85*1000 -> 1160.8563 | Y85: ='Raw Data'!AO84/'Target Population'!L85*1000 -> 102.75229 | Z85: ='Raw Data'!AO84/('Raw Data'!AJ84+'Raw Data'!AK84+'Raw Data'!AL84)*100 -> 19.310345 | AA85: =('Raw Data'!AP84+'Raw Data'!AQ84+'Raw Data'!AR84)/'Raw Data'!AO84*100 -> 261.30952 | AB85: 71.2 | AC85: 30.9 | AD85: 32.3 | AE85: 18.7 | AF85: 12.5 | AG85: ='Raw Data'!BC84+'Raw Data'!BD84+'Raw Data'!BE84+'Raw Data'!BF84+'Raw Data'!BG84+'Raw Data'!BH84 -> 0 | AH85: ='Raw Data'!BQ84 -> 1 | AI85: ='Raw Data'!BI84+'Raw Data'!BJ84+'Raw Data'!BK84+'Raw Data'!BL84 -> 9 | AJ85: =('Raw Data'!BR84+'Raw Data'!BS84+'Raw Data'!BT84+'Raw Data'!BU84+'Raw Data'!BV84)/'Target Population'!Q85*100 -> 18.510978 | AK85: =SUM('Raw Data'!BW84:BY84)/'Target Population'!G85*100 -> 0 | AL85: ='Raw Data'!BZ84 -> 36 | AM85: ='Raw Data'!CA84/('Raw Data'!BZ84*12)*100 -> 82.407407 | AN85: ='Raw Data'!CC84/('Raw Data'!CB84*12)*100 -> 93.264249 | AO85: 12.9 | AP85: ='Raw Data'!CD84 -> 0 | AQ85: ='Raw Data'!CE84 -> 0 | AR85: 6 | AS85: 100 | AT85: 0 | AU85: ='Top Ten Disease (OPD)'!HF85 -> 0 | AV85: ='Top Ten Disease (OPD)'!HD85 -> 0 | AW85: ='Raw Data'!CG84 -> 1 | AX85: ='Raw Data'!CO84+'Raw Data'!CP84 -> 0 | AY85: 0 | AZ85: ='Raw Data'!CR84+'Raw Data'!CS84 -> 11962 | BA85: =AZ85/'Target Population'!F85*100 -> 73.215816 | BB85: ='Raw Data'!CS84/'Raw Data'!CR84*100 -> 83.466258 | BC85: 100
A86: 10907 | B86: Rural Municipality | C86: Province 1 | D86: Panchthar | E86: Tumbewa Rural Municipality | F86: 79.7 | G86: 88.4 | H86: 84.1 | I86: 86.7 | J86: 82.7 | K86: 57.8 | L86: 71.1 | M86: 73.1 | N86: 4.9 | O86: 57.9 | P86: ='Raw Data'!R85/'Raw Data'!P85*100 -> 99.173554 | Q86: 2.1 | R86: 56.7 | S86: 6 | T86: ='Raw Data'!Z85/'Target Population'!M86*100 -> 82.588948 | U86: ='Raw Data'!AA85/'Target Population'!N86*100 -> 80.683761 | V86: ='Raw Data'!AH85/'Target Population'!L86*100 -> 25.152957 | W86: ='Raw Data'!AI85/'Raw Data'!AH85*100 -> 85.135135 | X86: ='Raw Data'!AN85/'Target Population'!L86*1000 -> 1126.4446 | Y86: ='Raw Data'!AO85/'Target Population'!L86*1000 -> 132.56288 | Z86: ='Raw Data'!AO85/('Raw Data'!AJ85+'Raw Data'!AK85+'Raw Data'!AL85)*100 -> 24.714829 | AA86: =('Raw Data'!AP85+'Raw Data'!AQ85+'Raw Data'!AR85)/'Raw Data'!AO85*100 -> 116.92308 | AB86: 87.1 | AC86: 44.4 | AD86: 47.9 | AE86: 31.2 | AF86: 12.5 | AG86: ='Raw Data'!BC85+'Raw Data'!BD85+'Raw Data'!BE85+'Raw Data'!BF85+'Raw Data'!BG85+'Raw Data'!BH85 -> 0 | AH86: ='Raw Data'!BQ85 -> 0 | AI86: ='Raw Data'!BI85+'Raw Data'!BJ85+'Raw Data'!BK85+'Raw Data'!BL85 -> 138 | AJ86: =('Raw Data'!BR85+'Raw Data'!BS85+'Raw Data'!BT85+'Raw Data'!BU85+'Raw Data'!BV85)/'Target Population'!Q86*100 -> 21.323222 | AK86: =SUM('Raw Data'!BW85:BY85)/'Target Population'!G86*100 -> 0 | AL86: ='Raw Data'!BZ85 -> 35.25 | AM86: ='Raw Data'!CA85/('Raw Data'!BZ85*12)*100 -> 88.652482 | AN86: ='Raw Data'!CC85/('Raw Data'!CB85*12)*100 -> 92.307692 | AO86: 18.9 | AP86: ='Raw Data'!CD85 -> 0 | AQ86: ='Raw Data'!CE85 -> 0 | AR86: 5 | AS86: 100 | AT86: 0 | AU86: ='Top Ten Disease (OPD)'!HF86 -> 0 | AV86: ='Top Ten Disease (OPD)'!HD86 -> 0 | AW86: ='Raw Data'!CG85 -> 0 | AX86: ='Raw Data'!CO85+'Raw Data'!CP85 -> 0 | AY86: 0 | AZ86: ='Raw Data'!CR85+'Raw Data'!CS85 -> 8199 | BA86: =AZ86/'Target Population'!F86*100 -> 60.446771 | BB86: ='Raw Data'!CS85/'Raw Data'!CR85*100 -> 88.439439 | BC86: 100
A87: 10908 | B87: Rural Municipality | C87: Province 1 | D87: Panchthar | E87: Miklajung Rural Municipality | F87: 72.2 | G87: 82.8 | H87: 75 | I87: 73.2 | J87: 87.8 | K87: 67 | L87: 68.5 | M87: 65.9 | N87: 9.3 | O87: 46.5 | P87: ='Raw Data'!R86/'Raw Data'!P86*100 -> 97.058824 | Q87: 3.9 | R87: 48.3 | S87: 0 | T87: ='Raw Data'!Z86/'Target Population'!M87*100 -> 90.776699 | U87: ='Raw Data'!AA86/'Target Population'!N87*100 -> 91.94766 | V87: ='Raw Data'!AH86/'Target Population'!L87*100 -> 31.367925 | W87: ='Raw Data'!AI86/'Raw Data'!AH86*100 -> 104.38596 | X87: ='Raw Data'!AN86/'Target Population'!L87*1000 -> 923.74214 | Y87: ='Raw Data'!AO86/'Target Population'!L87*1000 -> 242.53145 | Z87: ='Raw Data'!AO86/('Raw Data'!AJ86+'Raw Data'!AK86+'Raw Data'!AL86)*100 -> 40.752972 | AA87: =('Raw Data'!AP86+'Raw Data'!AQ86+'Raw Data'!AR86)/'Raw Data'!AO86*100 -> 99.351702 | AB87: 49 | AC87: 37 | AD87: 35.6 | AE87: 17.4 | AF87: 10.4 | AG87: ='Raw Data'!BC86+'Raw Data'!BD86+'Raw Data'!BE86+'Raw Data'!BF86+'Raw Data'!BG86+'Raw Data'!BH86 -> 1 | AH87: ='Raw Data'!BQ86 -> 3 | AI87: ='Raw Data'!BI86+'Raw Data'!BJ86+'Raw Data'!BK86+'Raw Data'!BL86 -> 163 | AJ87: =('Raw Data'!BR86+'Raw Data'!BS86+'Raw Data'!BT86+'Raw Data'!BU86+'Raw Data'!BV86)/'Target Population'!Q87*100 -> 18.625109 | AK87: =SUM('Raw Data'!BW86:BY86)/'Target Population'!G87*100 -> 0 | AL87: ='Raw Data'!BZ86 -> 58.083333 | AM87: ='Raw Data'!CA86/('Raw Data'!BZ86*12)*100 -> 78.335725 | AN87: ='Raw Data'!CC86/('Raw Data'!CB86*12)*100 -> 91.973244 | AO87: 13.2 | AP87: ='Raw Data'!CD86 -> 0 | AQ87: ='Raw Data'!CE86 -> 0 | AR87: 10 | AS87: 100 | AT87: 0 | AU87: ='Top Ten Disease (OPD)'!HF87 -> 0 | AV87: ='Top Ten Disease (OPD)'!HD87 -> 0 | AW87: ='Raw Data'!CG86 -> 0 | AX87: ='Raw Data'!CO86+'Raw Data'!CP86 -> 0 | AY87: 0 | AZ87: ='Raw Data'!CR86+'Raw Data'!CS86 -> 16935 | BA87: =AZ87/'Target Population'!F87*100 -> 67.564333 | BB87: ='Raw Data'!CS86/'Raw Data'!CR86*100 -> 90.945992 | BC87: 100
A88: 110 | B88: District | C88: Province 1 | D88: Ilam | E88: ILAM | F88: 70.2 | G88: 71 | H88: 69.8 | I88: 69.9 | J88: 69.7 | K88: 58.9 | L88: 61.9 | M88: 74.3 | N88: 1.7 | O88: 53.4 | P88: ='Raw Data'!R87/'Raw Data'!P87*100 -> 95.838867 | Q88: 3.4 | R88: 76.2 | S88: 0.1 | T88: ='Raw Data'!Z87/'Target Population'!M88*100 -> 89.775269 | U88: ='Raw Data'!AA87/'Target Population'!N88*100 -> 90.413216 | V88: ='Raw Data'!AH87/'Target Population'!L88*100 -> 29.930697 | W88: ='Raw Data'!AI87/'Raw Data'!AH87*100 -> 86.978226 | X88: ='Raw Data'!AN87/'Target Population'!L88*1000 -> 726.60224 | Y88: ='Raw Data'!AO87/'Target Population'!L88*1000 -> 79.348932 | Z88: ='Raw Data'!AO87/('Raw Data'!AJ87+'Raw Data'!AK87+'Raw Data'!AL87)*100 -> 25.484991 | AA88: =('Raw Data'!AP87+'Raw Data'!AQ87+'Raw Data'!AR87)/'Raw Data'!AO87*100 -> 103.64583 | AB88: 61.1 | AC88: 35.3 | AD88: 34.1 | AE88: 21.3 | AF88: 1.6 | AG88: ='Raw Data'!BC87+'Raw Data'!BD87+'Raw Data'!BE87+'Raw Data'!BF87+'Raw Data'!BG87+'Raw Data'!BH87 -> 2 | AH88: ='Raw Data'!BQ87 -> 12 | AI88: ='Raw Data'!BI87+'Raw Data'!BJ87+'Raw Data'!BK87+'Raw Data'!BL87 -> 2068 | AJ88: =('Raw Data'!BR87+'Raw Data'!BS87+'Raw Data'!BT87+'Raw Data'!BU87+'Raw Data'!BV87)/'Target Population'!Q88*100 -> 36.236216 | AK88: =SUM('Raw Data'!BW87:BY87)/'Target Population'!G88*100 -> 0.029420418 | AL88: ='Raw Data'!BZ87 -> 1030.6667 | AM88: ='Raw Data'!CA87/('Raw Data'!BZ87*12)*100 -> 72.728008 | AN88: ='Raw Data'!CC87/('Raw Data'!CB87*12)*100 -> 95.540839 | AO88: 22.8 | AP88: ='Raw Data'!CD87 -> 146 | AQ88: ='Raw Data'!CE87 -> 3 | AR88: 136 | AS88: 90.3 | AT88: 0 | AU88: ='Top Ten Disease (OPD)'!HF88 -> 0 | AV88: ='Top Ten Disease (OPD)'!HD88 -> 0 | AW88: ='Raw Data'!CG87 -> 26 | AX88: ='Raw Data'!CO87+'Raw Data'!CP87 -> 0 | AY88: 0.52 | AZ88: ='Raw Data'!CR87+'Raw Data'!CS87 -> 202062 | BA88: =AZ88/'Target Population'!F88*100 -> 65.951218 | BB88: ='Raw Data'!CS87/'Raw Data'!CR87*100 -> 77.234931 | BC88: 100
A89: 11001 | B89: Rural Municipality | C89: Province 1 | D89: Ilam | E89: Mai Jogmai Rural Municipality | F89: 64.3 | G89: 64.1 | H89: 65.5 | I89: 65.5 | J89: 62.2 | K89: 59.7 | L89: 60.4 | M89: 55.5 | N89: -2.3 | O89: 53.9 | P89: ='Raw Data'!R88/'Raw Data'!P88*100 -> 100 | Q89: 0 | R89: 48.7 | S89: 0.4 | T89: ='Raw Data'!Z88/'Target Population'!M89*100 -> 87.201275 | U89: ='Raw Data'!AA88/'Target Population'!N89*100 -> 88.145897 | V89: ='Raw Data'!AH88/'Target Population'!L89*100 -> 37.388025 | W89: ='Raw Data'!AI88/'Raw Data'!AH88*100 -> 76.67087 | X89: ='Raw Data'!AN88/'Target Population'!L89*1000 -> 1471.0042 | Y89: ='Raw Data'!AO88/'Target Population'!L89*1000 -> 156.52994 | Z89: ='Raw Data'!AO88/('Raw Data'!AJ88+'Raw Data'!AK88+'Raw Data'!AL88)*100 -> 29.020979 | AA89: =('Raw Data'!AP88+'Raw Data'!AQ88+'Raw Data'!AR88)/'Raw Data'!AO88*100 -> 125.60241 | AB89: 47 | AC89: 28.9 | AD89: 30.5 | AE89: 6.9 | AF89: 2 | AG89: ='Raw Data'!BC88+'Raw Data'!BD88+'Raw Data'!BE88+'Raw Data'!BF88+'Raw Data'!BG88+'Raw Data'!BH88 -> 0 | AH89: ='Raw Data'!BQ88 -> 0 | AI89: ='Raw Data'!BI88+'Raw Data'!BJ88+'Raw Data'!BK88+'Raw Data'!BL88 -> 16 | AJ89: =('Raw Data'!BR88+'Raw Data'!BS88+'Raw Data'!BT88+'Raw Data'!BU88+'Raw Data'!BV88)/'Target Population'!Q89*100 -> 20.445142 | AK89: =SUM('Raw Data'!BW88:BY88)/'Target Population'!G89*100 -> 0 | AL89: ='Raw Data'!BZ88 -> 90 | AM89: ='Raw Data'!CA88/('Raw Data'!BZ88*12)*100 -> 80.740741 | AN89: ='Raw Data'!CC88/('Raw Data'!CB88*12)*100 -> 97.807018 | AO89: 22.8 | AP89: ='Raw Data'!CD88 -> 0 | AQ89: ='Raw Data'!CE88 -> 0 | AR89: 9 | AS89: 50 | AT89: 0 | AU89: ='Top Ten Disease (OPD)'!HF89 -> 0 | AV89: ='Top Ten Disease (OPD)'!HD89 -> 0 | AW89: ='Raw Data'!CG88 -> 0 | AX89: ='Raw Data'!CO88+'Raw Data'!CP88 -> 0 | AY89: 1.8 | AZ89: ='Raw Data'!CR88+'Raw Data'!CS88 -> 16580 | BA89: =AZ89/'Target Population'!F89*100 -> 74.752029 | BB89: ='Raw Data'!CS88/'Raw Data'!CR88*100 -> 80.276177 | BC89: 100
... A93: 11005 | B93: Rural Municipality | C93: Province 1 | D93: Ilam | E93: Fakfokathum Rural Municipality | F93: 61.4 | G93: 67.1 | H93: 61.4 | I93: 61.4 | J93: 59.6 | K93: 46.4 | L93: 50.9 | M93: 54.3 | N93: 8.5 | O93: 43.1 | P93: ='Raw Data'!R92/'Raw Data'!P92*100 -> 94.907407 | Q93: 0 | R93: 58.9 | S93: 0 | T93: ='Raw Data'!Z92/'Target Population'!M93*100 -> 75.041254 | U93: ='Raw Data'!AA92/'Target Population'!N93*100 -> 74.34603 | V93: ='Raw Data'!AH92/'Target Population'!L93*100 -> 30.310978 | W93: ='Raw Data'!AI92/'Raw Data'!AH92*100 -> 96.662546 | X93: ='Raw Data'!AN92/'Target Population'!L93*1000 -> 587.11128 | Y93: ='Raw Data'!AO92/'Target Population'!L93*1000 -> 70.438366 | Z93: ='Raw Data'!AO92/('Raw Data'!AJ92+'Raw Data'!AK92+'Raw Data'!AL92)*100 -> 28.967643 | AA93: =('Raw Data'!AP92+'Raw Data'!AQ92+'Raw Data'!AR92)/'Raw Data'!AO92*100 -> 89.893617 | AB93: 53.4 | AC93: 26.5 | AD93: 28.9 | AE93: 2.2 | AF93: 0 | AG93: ='Raw Data'!BC92+'Raw Data'!BD92+'Raw Data'!BE92+'Raw Data'!BF92+'Raw Data'!BG92+'Raw Data'!BH92 -> 0 | AH93: ='Raw Data'!BQ92 -> 1 | AI93: ='Raw Data'!BI92+'Raw Data'!BJ92+'Raw Data'!BK92+'Raw Data'!BL92 -> 36 | AJ93: =('Raw Data'!BR92+'Raw Data'!BS92+'Raw Data'!BT92+'Raw Data'!BU92+'Raw Data'!BV92)/'Target Population'!Q93*100 -> 26.522796 | AK93: =SUM('Raw Data'!BW92:BY92)/'Target Population'!G93*100 -> 0 | AL93: ='Raw Data'!BZ92 -> 93.333333 | AM93: ='Raw Data'!CA92/('Raw Data'!BZ92*12)*100 -> 82.589286 | AN93: ='Raw Data'!CC92/('Raw Data'!CB92*12)*100 -> 98.360656 | AO93: 25.2 | AP93: ='Raw Data'!CD92 -> 0 | AQ93: ='Raw Data'!CE92 -> 0 | AR93: 8 | AS93: 100 | AT93: 0 | AU93: ='Top Ten Disease (OPD)'!HF93 -> 0 | AV93: ='Top Ten Disease (OPD)'!HD93 -> 0 | AW93: ='Raw Data'!CG92 -> 0 | AX93: ='Raw Data'!CO92+'Raw Data'!CP92 -> 0 | AY93: 1.8 | AZ93: ='Raw Data'!CR92+'Raw Data'!CS92 -> 11716 | BA93: =AZ93/'Target Population'!F93*100 -> 51.356683 | BB93: ='Raw Data'!CS92/'Raw Data'!CR92*100 -> 83.578815 | BC93: 100
A94: 11006 | B94: Rural Municipality | C94: Province 1 | D94: Ilam | E94: Mangsebung Rural Municipality | F94: 58.9 | G94: 65.6 | H94: 58.2 | I94: 58.2 | J94: 63.4 | K94: 40.6 | L94: 47.7 | M94: 44.9 | N94: 11.2 | O94: 49.7 | P94: ='Raw Data'!R93/'Raw Data'!P93*100 -> 91.666667 | Q94: 0 | R94: 79.2 | S94: 0.1 | T94: ='Raw Data'!Z93/'Target Population'!M94*100 -> 73.699015 | U94: ='Raw Data'!AA93/'Target Population'!N94*100 -> 70.811655 | V94: ='Raw Data'!AH93/'Target Population'!L94*100 -> 21.980367 | W94: ='Raw Data'!AI93/'Raw Data'!AH93*100 -> 132.81553 | X94: ='Raw Data'!AN93/'Target Population'!L94*1000 -> 679.04396 | Y94: ='Raw Data'!AO93/'Target Population'!L94*1000 -> 100.29876 | Z94: ='Raw Data'!AO93/('Raw Data'!AJ93+'Raw Data'!AK93+'Raw Data'!AL93)*100 -> 43.599258 | AA94: =('Raw Data'!AP93+'Raw Data'!AQ93+'Raw Data'!AR93)/'Raw Data'!AO93*100 -> 97.446809 | AB94: 53.6 | AC94: 29.4 | AD94: 34.3 | AE94: 1.8 | AF94: 0 | AG94: ='Raw Data'!BC93+'Raw Data'!BD93+'Raw Data'!BE93+'Raw Data'!BF93+'Raw Data'!BG93+'Raw Data'!BH93 -> 0 | AH94: ='Raw Data'!BQ93 -> 1 | AI94: ='Raw Data'!BI93+'Raw Data'!BJ93+'Raw Data'!BK93+'Raw Data'!BL93 -> 48 | AJ94: =('Raw Data'!BR93+'Raw Data'!BS93+'Raw Data'!BT93+'Raw Data'!BU93+'Raw Data'!BV93)/'Target Population'!Q94*100 -> 18.720237 | AK94: =SUM('Raw Data'!BW93:BY93)/'Target Population'!G94*100 -> 0 | AL94: ='Raw Data'!BZ93 -> 75 | AM94: ='Raw Data'!CA93/('Raw Data'!BZ93*12)*100 -> 83.666667 | AN94: ='Raw Data'!CC93/('Raw Data'!CB93*12)*100 -> 97.916667 | AO94: 13.3 | AP94: ='Raw Data'!CD93 -> 0 | AQ94: ='Raw Data'!CE93 -> 0 | AR94: 5 | AT94: 0 | AU94: ='Top Ten Disease (OPD)'!HF94 -> 0 | AV94: ='Top Ten Disease (OPD)'!HD94 -> 0 | AW94: ='Raw Data'!CG93 -> 0 | AX94: ='Raw Data'!CO93+'Raw Data'!CP93 -> 0 | AY94: 0 | AZ94: ='Raw Data'!CR93+'Raw Data'!CS93 -> 7913 | BA94: =AZ94/'Target Population'!F94*100 -> 40.347746 | BB94: ='Raw Data'!CS93/'Raw Data'!CR93*100 -> 86.495404 | BC94: 100
A95: 11007 | B95: Rural Municipality | C95: Province 1 | D95: Ilam | E95: Chulachuli Rural Municipality | F95: 89.2 | G95: 79.6 | H95: 77.1 | I95: 77.1 | J95: 73.4 | K95: 44.8 | L95: 64.7 | M95: 114.3 | N95: 3.1 | O95: 50.7 | P95: ='Raw Data'!R94/'Raw Data'!P94*100 -> 94.166667 | Q95: 0 | R95: 73.5 | S95: 0.1 | T95: ='Raw Data'!Z94/'Target Population'!M95*100 -> 97.773196 | U95: ='Raw Data'!AA94/'Target Population'!N95*100 -> 100.55046 | V95: ='Raw Data'!AH94/'Target Population'!L95*100 -> 13.825403 | W95: ='Raw Data'!AI94/'Raw Data'!AH94*100 -> 101.62602 | X95: ='Raw Data'!AN94/'Target Population'!L95*1000 -> 403.52192 | Y95: ='Raw Data'!AO94/'Target Population'!L95*1000 -> 52.454103 | Z95: ='Raw Data'!AO94/('Raw Data'!AJ94+'Raw Data'!AK94+'Raw Data'!AL94)*100 -> 20.710059 | AA95: =('Raw Data'!AP94+'Raw Data'!AQ94+'Raw Data'!AR94)/'Raw Data'!AO94*100 -> 107.85714 | AB95: 65.3 | AC95: 33.1 | AD95: 32.7 | AE95: 4.4 | AF95: 4.4 | AG95: ='Raw Data'!BC94+'Raw Data'!BD94+'Raw Data'!BE94+'Raw Data'!BF94+'Raw Data'!BG94+'Raw Data'!BH94 -> 0 | AH95: ='Raw Data'!BQ94 -> 0 | AI95: ='Raw Data'!BI94+'Raw Data'!BJ94+'Raw Data'!BK94+'Raw Data'!BL94 -> 74 | AJ95: =('Raw Data'!BR94+'Raw Data'!BS94+'Raw Data'!BT94+'Raw Data'!BU94+'Raw Data'!BV94)/'Target Population'!Q95*100 -> 16.918252 | AK95: =SUM('Raw Data'!BW94:BY94)/'Target Population'!G95*100 -> 0 | AL95: ='Raw Data'!BZ94 -> 75 | AM95: ='Raw Data'!CA94/('Raw Data'!BZ94*12)*100 -> 24 | AN95: ='Raw Data'!CC94/('Raw Data'!CB94*12)*100 -> 95.37037 | AO95: 14.6 | AP95: ='Raw Data'!CD94 -> 0 | AQ95: ='Raw Data'!CE94 -> 0 | AR95: 21 | AS95: 91.7 | AT95: 0 | AU95: ='Top Ten Disease (OPD)'!HF95 -> 0 | AV95: ='Top Ten Disease (OPD)'!HD95 -> 0 | AW95: ='Raw Data'!CG94 -> 2 | AX95: ='Raw Data'!CO94+'Raw Data'!CP94 -> 0 | AY95: 1.8 | AZ95: ='Raw Data'!CR94+'Raw Data'!CS94 -> 8844 | BA95: =AZ95/'Target Population'!F95*100 -> 38.828643 | BB95: ='Raw Data'!CS94/'Raw Data'!CR94*100 -> 92.721726 | BC95: 100
A96: 11008 | B96: Municipality | C96: Province 1 | D96: Ilam | E96: Mai Municipality | F96: 73.6 | G96: 74.5 | H96: 71.8 | I96: 71.8 | J96: 67.2 | K96: 47.3 | L96: 47.7 | M96: 65.5 | N96: 3.7 | O96: 57.9 | P96: ='Raw Data'!R95/'Raw Data'!P95*100 -> 93.75 | Q96: 0 | R96: 75.1 | S96: 0 | T96: ='Raw Data'!Z95/'Target Population'!M96*100 -> 69.289878 | U96: ='Raw Data'!AA95/'Target Population'!N96*100 -> 66.058287 | V96: ='Raw Data'!AH95/'Target Population'!L96*100 -> 9.3230547 | W96: ='Raw Data'!AI95/'Raw Data'!AH95*100 -> 88.113695 | X96: ='Raw Data'!AN95/'Target Population'!L96*1000 -> 246.68755 | Y96: ='Raw Data'!AO95/'Target Population'!L96*1000 -> 45.290291 | Z96: ='Raw Data'!AO95/('Raw Data'!AJ95+'Raw Data'!AK95+'Raw Data'!AL95)*100 -> 37.375746 | AA96: =('Raw Data'!AP95+'Raw Data'!AQ95+'Raw Data'!AR95)/'Raw Data'!AO95*100 -> 106.91489 | AB96: 66.2 | AC96: 33.4 | AD96: 32.2 | AE96: 5.8 | AF96: 0.51 | AG96: ='Raw Data'!BC95+'Raw Data'!BD95+'Raw Data'!BE95+'Raw Data'!BF95+'Raw Data'!BG95+'Raw Data'!BH95 -> 0 | AH96: ='Raw Data'!BQ95 -> 0 | AI96: ='Raw Data'!BI95+'Raw Data'!BJ95+'Raw Data'!BK95+'Raw Data'!BL95 -> 105 | AJ96: =('Raw Data'!BR95+'Raw Data'!BS95+'Raw Data'!BT95+'Raw Data'!BU95+'Raw Data'!BV95)/'Target Population'!Q96*100 -> 15.05329 | AK96: =SUM('Raw Data'!BW95:BY95)/'Target Population'!G96*100 -> 0 | AL96: ='Raw Data'!BZ95 -> 92.5 | AM96: ='Raw Data'!CA95/('Raw Data'!BZ95*12)*100 -> 83.063063 | AN96: ='Raw Data'!CC95/('Raw Data'!CB95*12)*100 -> 100 | AO96: 32.2 | AP96: ='Raw Data'!CD95 -> 0 | AQ96: ='Raw Data'!CE95 -> 0 | AR96: 21 | AS96: 133.3 | AT96: 0 | AU96: ='Top Ten Disease (OPD)'!HF96 -> 0 | AV96: ='Top Ten Disease (OPD)'!HD96 -> 0 | AW96: ='Raw Data'!CG95 -> 0 | AX96: ='Raw Data'!CO95+'Raw Data'!CP95 -> 0 | AY96: 0 | AZ96: ='Raw Data'!CR95+'Raw Data'!CS95 -> 9178 | BA96: =AZ96/'Target Population'!F96*100 -> 26.134002 | BB96: ='Raw Data'!CS95/'Raw Data'!CR95*100 -> 74.320988 | BC96: 100
A97: 11009 | B97: Municipality | C97: Province 1 | D97: Ilam | E97: Suryodaya Municipality | F97: 60.6 | G97: 62.8 | H97: 65 | I97: 65 | J97: 62.6 | K97: 70.8 | L97: 63.4 | M97: 63.4 | N97: -3.5 | O97: 39.7 | P97: ='Raw Data'!R96/'Raw Data'!P96*100 -> 92.987805 | Q97: 10 | R97: 60.9 | S97: 0.1 | T97: ='Raw Data'!Z96/'Target Population'!M97*100 -> 100.50761 | U97: ='Raw Data'!AA96/'Target Population'!N97*100 -> 104.73373 | V97: ='Raw Data'!AH96/'Target Population'!L97*100 -> 38.144928 | W97: ='Raw Data'!AI96/'Raw Data'!AH96*100 -> 79.128673 | X97: ='Raw Data'!AN96/'Target Population'!L97*1000 -> 945.12077 | Y97: ='Raw Data'!AO96/'Target Population'!L97*1000 -> 104.34783 | Z97: ='Raw Data'!AO96/('Raw Data'!AJ96+'Raw Data'!AK96+'Raw Data'!AL96)*100 -> 21.445592 | AA97: =('Raw Data'!AP96+'Raw Data'!AQ96+'Raw Data'!AR96)/'Raw Data'!AO96*100 -> 100.37037 | AB97: 45.3 | AC97: 26.7 | AD97: 25.8 | AE97: 6.6 | AF97: 1.3 | AG97: ='Raw Data'!BC96+'Raw Data'!BD96+'Raw Data'!BE96+'Raw Data'!BF96+'Raw Data'!BG96+'Raw Data'!BH96 -> 1 | AH97: ='Raw Data'!BQ96 -> 5 | AI97: ='Raw Data'!BI96+'Raw Data'!BJ96+'Raw Data'!BK96+'Raw Data'!BL96 -> 244 | AJ97: =('Raw Data'!BR96+'Raw Data'!BS96+'Raw Data'!BT96+'Raw Data'!BU96+'Raw Data'!BV96)/'Target Population'!Q97*100 -> 33.110469 | AK97: =SUM('Raw Data'!BW96:BY96)/'Target Population'!G97*100 -> 0 | AL97: ='Raw Data'!BZ96 -> 174.83333 | AM97: ='Raw Data'!CA96/('Raw Data'!BZ96*12)*100 -> 64.680648 | AN97: ='Raw Data'!CC96/('Raw Data'!CB96*12)*100 -> 91.392405 | AO97: 18 | AP97: ='Raw Data'!CD96 -> 38 | AQ97: ='Raw Data'!CE96 -> 0 | AR97: 19 | AS97: 100 | AT97: 0 | AU97: ='Top Ten Disease (OPD)'!HF97 -> 0 | AV97: ='Top Ten Disease (OPD)'!HD97 -> 0 | AW97: ='Raw Data'!CG96 -> 10 | AX97: ='Raw Data'!CO96+'Raw Data'!CP96 -> 0 | AY97: 0.67 | AZ97: ='Raw Data'!CR96+'Raw Data'!CS96 -> 48358 | BA97: =AZ97/'Target Population'!F97*100 -> 80.634296 | BB97: ='Raw Data'!CS96/'Raw Data'!CR96*100 -> 76.135494 | BC97: 100
A98: 11010 | B98: Rural Municipality | C98: Province 1 | D98: Ilam | E98: Rong Rural Municipality | F98: 63.4 | G98: 65.5 | H98: 65.7 | I98: 65.7 | J98: 58.8 | K98: 54 | L98: 51.4 | M98: 44.9 | N98: -0.35 | O98: 47.5 | P98: ='Raw Data'!R97/'Raw Data'!P97*100 -> 94.146341 | Q98: 0 | R98: 80.7 | S98: 0.2 | T98: ='Raw Data'!Z97/'Target Population'!M98*100 -> 102.84024 | U98: ='Raw Data'!AA97/'Target Population'!N98*100 -> 104.1384 | V98: ='Raw Data'!AH97/'Target Population'!L98*100 -> 28.331584 | W98: ='Raw Data'!AI97/'Raw Data'!AH97*100 -> 83.888889 | X98: ='Raw Data'!AN97/'Target Population'!L98*1000 -> 651.62644 | Y98: ='Raw Data'!AO97/'Target Population'!L98*1000 -> 59.286464 | Z98: ='Raw Data'!AO97/('Raw Data'!AJ97+'Raw Data'!AK97+'Raw Data'!AL97)*100 -> 24.889868 | AA98: =('Raw Data'!AP97+'Raw Data'!AQ97+'Raw Data'!AR97)/'Raw Data'!AO97*100 -> 93.80531 | AB98: 40.6 | AC98: 30 | AD98: 28 | AE98: 2 | AF98: 0.22 | AG98: ='Raw Data'!BC97+'Raw Data'!BD97+'Raw Data'!BE97+'Raw Data'!BF97+'Raw Data'!BG97+'Raw Data'!BH97 -> 0 | AH98: ='Raw Data'!BQ97 -> 1 | AI98: ='Raw Data'!BI97+'Raw Data'!BJ97+'Raw Data'!BK97+'Raw Data'!BL97 -> 40 | AJ98: =('Raw Data'!BR97+'Raw Data'!BS97+'Raw Data'!BT97+'Raw Data'!BU97+'Raw Data'!BV97)/'Target Population'!Q98*100 -> 23.428528 | AK98: =SUM('Raw Data'!BW97:BY97)/'Target Population'!G98*100 -> 0 | AL98: ='Raw Data'!BZ97 -> 76.833333 | AM98: ='Raw Data'!CA97/('Raw Data'!BZ97*12)*100 -> 73.318872 | AN98: ='Raw Data'!CC97/('Raw Data'!CB97*12)*100 -> 92.436975 | AO98: 16.9 | AP98: ='Raw Data'!CD97 -> 0 | AQ98: ='Raw Data'!CE97 -> 0 | AR98: 4 | AT98: 0 | AU98: ='Top Ten Disease (OPD)'!HF98 -> 0 | AV98: ='Top Ten Disease (OPD)'!HD98 -> 0 | AW98: ='Raw Data'!CG97 -> 0 | AX98: ='Raw Data'!CO97+'Raw Data'!CP97 -> 0 | AY98: 0 | AZ98: ='Raw Data'!CR97+'Raw Data'!CS97 -> 8073 | BA98: =AZ98/'Target Population'!F98*100 -> 40.162181 | BB98: ='Raw Data'!CS97/'Raw Data'!CR97*100 -> 77.039474 | BC98: 100
A99: 111 | B99: District | C99: Province 1 | D99: Jhapa | E99: JHAPA | F99: 94.5 | G99: 90.6 | H99: 87.4 | I99: 87.7 | J99: 87.1 | K99: 74 | L99: 84.4 | M99: 69.5 | N99: 3.5 | O99: 63.7 | P99: ='Raw Data'!R98/'Raw Data'!P98*100 -> 96.228304 | Q99: 15.1 | R99: 70.3 | S99: 2.5 | T99: ='Raw Data'!Z98/'Target Population'!M99*100 -> 109.59557 | U99: ='Raw Data'!AA98/'Target Population'!N99*100 -> 113.91775 | V99: ='Raw Data'!AH98/'Target Population'!L99*100 -> 29.181564 | W99: ='Raw Data'!AI98/'Raw Data'!AH98*100 -> 94.938364 | X99: ='Raw Data'!AN98/'Target Population'!L99*1000 -> 543.11285 | Y99: ='Raw Data'!AO98/'Target Population'!L99*1000 -> 44.922386 | Z99: ='Raw Data'!AO98/('Raw Data'!AJ98+'Raw Data'!AK98+'Raw Data'!AL98)*100 -> 21.187661 | AA99: =('Raw Data'!AP98+'Raw Data'!AQ98+'Raw Data'!AR98)/'Raw Data'!AO98*100 -> 111.89032 | AB99: 105.5 | AC99: 44.3 | AD99: 32.7 | AE99: 78.7 | AF99: 4.7 | AG99: ='Raw Data'!BC98+'Raw Data'!BD98+'Raw Data'!BE98+'Raw Data'!BF98+'Raw Data'!BG98+'Raw Data'!BH98 -> 2 | AH99: ='Raw Data'!BQ98 -> 15 | AI99: ='Raw Data'!BI98+'Raw Data'!BJ98+'Raw Data'!BK98+'Raw Data'!BL98 -> 3180 | AJ99: =('Raw Data'!BR98+'Raw Data'!BS98+'Raw Data'!BT98+'Raw Data'!BU98+'Raw Data'!BV98)/'Target Population'!Q99*100 -> 15.625568 | AK99: =SUM('Raw Data'!BW98:BY98)/'Target Population'!G99*100 -> 4.0105386 | AL99: ='Raw Data'!BZ98 -> 597.75 | AM99: ='Raw Data'!CA98/('Raw Data'!BZ98*12)*100 -> 77.945072 | AN99: ='Raw Data'!CC98/('Raw Data'!CB98*12)*100 -> 87.649402 | AO99: 30.2 | AP99: ='Raw Data'!CD98 -> 6610 | AQ99: ='Raw Data'!CE98 -> 64 | AR99: 902 | AS99: 92 | AT99: 4 | AU99: ='Top Ten Disease (OPD)'!HF99 -> 58 | AV99: ='Top Ten Disease (OPD)'!HD99 -> 107 | AW99: ='Raw Data'!CG98 -> 96 | AX99: ='Raw Data'!CO98+'Raw Data'!CP98 -> 155 | AY99: 15.6 | AZ99: ='Raw Data'!CR98+'Raw Data'!CS98 -> 742747 | BA99: =AZ99/'Target Population'!F99*100 -> 82.949658 | BB99: ='Raw Data'!CS98/'Raw Data'!CR98*100 -> 84.265144 | BC99: 101.3
A100: 11101 | B100: Municipality | C100: Province 1 | D100: Jhapa | E100: Mechinagar Municipality | F100: 82.1 | G100: 82.3 | H100: 82.5 | I100: 82.5 | J100: 83 | K100: 85.4 | L100: 99.1 | M100: 92 | N100: -0.13 | O100: 56.5 | P100: ='Raw Data'!R99/'Raw Data'!P99*100 -> 92.917847 | Q100: 5.1 | R100: 45.6 | S100: 0.9 | T100: ='Raw Data'!Z99/'Target Population'!M100*100 -> 119.78446 | U100: ='Raw Data'!AA99/'Target Population'!N100*100 -> 121.24785 | V100: ='Raw Data'!AH99/'Target Population'!L100*100 -> 27.460193 | W100: ='Raw Data'!AI99/'Raw Data'!AH99*100 -> 101.48923 | X100: ='Raw Data'!AN99/'Target Population'!L100*1000 -> 646.30645 | Y100: ='Raw Data'!AO99/'Target Population'!L100*1000 -> 32.802575 | Z100: ='Raw Data'!AO99/('Raw Data'!AJ99+'Raw Data'!AK99+'Raw Data'!AL99)*100 -> 8.4208175 | AA100: =('Raw Data'!AP99+'Raw Data'!AQ99+'Raw Data'!AR99)/'Raw Data'!AO99*100 -> 106.36605 | AB100: 54.7 | AC100: 28.4 | AD100: 30.6 | AE100: 12.6 | AF100: 14.5 | AG100: ='Raw Data'!BC99+'Raw Data'!BD99+'Raw Data'!BE99+'Raw Data'!BF99+'Raw Data'!BG99+'Raw Data'!BH99 -> 0 | AH100: ='Raw Data'!BQ99 -> 4 | AI100: ='Raw Data'!BI99+'Raw Data'!BJ99+'Raw Data'!BK99+'Raw Data'!BL99 -> 608 | AJ100: =('Raw Data'!BR99+'Raw Data'!BS99+'Raw Data'!BT99+'Raw Data'!BU99+'Raw Data'!BV99)/'Target Population'!Q100*100 -> 23.202651 | AK100: =SUM('Raw Data'!BW99:BY99)/'Target Population'!G100*100 -> 0 | AL100: ='Raw Data'!BZ99 -> 97.416667 | AM100: ='Raw Data'!CA99/('Raw Data'!BZ99*12)*100 -> 69.803251 | AN100: ='Raw Data'!CC99/('Raw Data'!CB99*12)*100 -> 79.605263 | AO100: 22 | AP100: ='Raw Data'!CD99 -> 15 | AQ100: ='Raw Data'!CE99 -> 0 | AR100: 135 | AS100: 90.9 | AT100: 0 | AU100: ='Top Ten Disease (OPD)'!HF100 -> 4 | AV100: ='Top Ten Disease (OPD)'!HD100 -> 20 | AW100: ='Raw Data'!CG99 -> 77 | AX100: ='Raw Data'!CO99+'Raw Data'!CP99 -> 9 | AY100: 7.3 | AZ100: ='Raw Data'!CR99+'Raw Data'!CS99 -> 103168 | BA100: =AZ100/'Target Population'!F100*100 -> 82.851223 | BB100: ='Raw Data'!CS99/'Raw Data'!CR99*100 -> 93.140632 | BC100: 99.1
A101: 11102 | B101: Rural Municipality | C101: Province 1 | D101: Jhapa | E101: Buddhashanti Rural Municipality | F101: 89.6 | G101: 90.7 | H101: 88.3 | I101: 88.3 | J101: 84 | K101: 103.9 | L101: 105.1 | M101: 81.1 | N101: 2.7 | O101: 50.8 | P101: ='Raw Data'!R100/'Raw Data'!P100*100 -> 95.967742 | Q101: 0 | R101: 73.9 | S101: 0.1 | T101: ='Raw Data'!Z100/'Target Population'!M101*100 -> 127.87636 | U101: ='Raw Data'!AA100/'Target Population'!N101*100 -> 126.84968 | V101: ='Raw Data'!AH100/'Target Population'!L101*100 -> 37.540615 | W101: ='Raw Data'!AI100/'Raw Data'!AH100*100 -> 91.544607 | X101: ='Raw Data'!AN100/'Target Population'!L101*1000 -> 496.12597 | Y101: ='Raw Data'!AO100/'Target Population'!L101*1000 -> 46.488378 | Z101: ='Raw Data'!AO100/('Raw Data'!AJ100+'Raw Data'!AK100+'Raw Data'!AL100)*100 -> 22.064057 | AA101: =('Raw Data'!AP100+'Raw Data'!AQ100+'Raw Data'!AR100)/'Raw Data'!AO100*100 -> 94.086022 | AB101: 68.7 | AC101: 39.4 | AD101: 42.8 | AE101: 0.76 | AF101: 0.76 | AG101: ='Raw Data'!BC100+'Raw Data'!BD100+'Raw Data'!BE100+'Raw Data'!BF100+'Raw Data'!BG100+'Raw Data'!BH100 -> 0 | AH101: ='Raw Data'!BQ100 -> 0 | AI101: ='Raw Data'!BI100+'Raw Data'!BJ100+'Raw Data'!BK100+'Raw Data'!BL100 -> 36 | AJ101: =('Raw Data'!BR100+'Raw Data'!BS100+'Raw Data'!BT100+'Raw Data'!BU100+'Raw Data'!BV100)/'Target Population'!Q101*100 -> 4.9057337 | AK101: =SUM('Raw Data'!BW100:BY100)/'Target Population'!G101*100 -> 0 | AL101: ='Raw Data'!BZ100 -> 25 | AM101: ='Raw Data'!CA100/('Raw Data'!BZ100*12)*100 -> 90 | AN101: ='Raw Data'!CC100/('Raw Data'!CB100*12)*100 -> 87.058824 | AO101: 38.5 | AP101: ='Raw Data'!CD100 -> 0 | AQ101: ='Raw Data'!CE100 -> 0 | AR101: 39 | AS101: 100 | AT101: 0 | AU101: ='Top Ten Disease (OPD)'!HF101 -> 0 | AV101: ='Top Ten Disease (OPD)'!HD101 -> 0 | AW101: ='Raw Data'!CG100 -> 0 | AX101: ='Raw Data'!CO100+'Raw Data'!CP100 -> 6 | AY101: 8.3 | AZ101: ='Raw Data'!CR100+'Raw Data'!CS100 -> 22700 | BA101: =AZ101/'Target Population'!F101*100 -> 49.582805 | BB101: ='Raw Data'!CS100/'Raw Data'!CR100*100 -> 84.808272 | BC101: 100
A102: 11103 | B102: Municipality | C102: Province 1 | D102: Jhapa | E102: Arjundhara Municipality | F102: 78.5 | G102: 74 | H102: 76.2 | I102: 76.2 | J102: 70.5 | K102: 76.5 | L102: 77.8 | M102: 58 | N102: -2.9 | O102: 56.5 | P102: ='Raw Data'!R101/'Raw Data'!P101*100 -> 98.395722 | Q102: 17.5 | R102: 77.4 | S102: 4.2 | T102: ='Raw Data'!Z101/'Target Population'!M102*100 -> 110.94466 | U102: ='Raw Data'!AA101/'Target Population'!N102*100 -> 117.50405 | V102: ='Raw Data'!AH101/'Target Population'!L102*100 -> 35.729881 | W102: ='Raw Data'!AI101/'Raw Data'!AH101*100 -> 89.262331 | X102: ='Raw Data'!AN101/'Target Population'!L102*1000 -> 743.91765 | Y102: ='Raw Data'!AO101/'Target Population'!L102*1000 -> 99.344978 | Z102: ='Raw Data'!AO101/('Raw Data'!AJ101+'Raw Data'!AK101+'Raw Data'!AL101)*100 -> 33.3159 | AA102: =('Raw Data'!AP101+'Raw Data'!AQ101+'Raw Data'!AR101)/'Raw Data'!AO101*100 -> 110.20408 | AB102: 81 | AC102: 36.9 | AD102: 37.1 | AE102: 3.6 | AF102: 2.4 | AG102: ='Raw Data'!BC101+'Raw Data'!BD101+'Raw Data'!BE101+'Raw Data'!BF101+'Raw Data'!BG101+'Raw Data'!BH101 -> 0 | AH102: ='Raw Data'!BQ101 -> 1 | AI102: ='Raw Data'!BI101+'Raw Data'!BJ101+'Raw Data'!BK101+'Raw Data'!BL101 -> 146 | AJ102: =('Raw Data'!BR101+'Raw Data'!BS101+'Raw Data'!BT101+'Raw Data'!BU101+'Raw Data'!BV101)/'Target Population'!Q102*100 -> 11.676018 | AK102: =SUM('Raw Data'!BW101:BY101)/'Target Population'!G102*100 -> 0 | AL102: ='Raw Data'!BZ101 -> 35 | AM102: ='Raw Data'!CA101/('Raw Data'!BZ101*12)*100 -> 90.952381 | AN102: ='Raw Data'!CC101/('Raw Data'!CB101*12)*100 -> 93.589744 | AO102: 54.6 | AP102: ='Raw Data'!CD101 -> 0 | AQ102: ='Raw Data'!CE101 -> 0 | AR102: 93 | AS102: 94.7 | AT102: 0 | AU102: ='Top Ten Disease (OPD)'!HF102 -> 0 | AV102: ='Top Ten Disease (OPD)'!HD102 -> 16 | AW102: ='Raw Data'!CG101 -> 0 | AX102: ='Raw Data'!CO101+'Raw Data'!CP101 -> 6 | AY102: 8.6 | AZ102: ='Raw Data'!CR101+'Raw Data'!CS101 -> 44694 | BA102: =AZ102/'Target Population'!F102*100 -> 67.066821 | BB102: ='Raw Data'!CS101/'Raw Data'!CR101*100 -> 85.221716 | BC102: 100
